Q,Qq,Qb,soil,wetness,Et,date
0.0,0.0,0.0,0.0,0.0,0.0,2020-09-21
2.19,0.0,0.0,0.0,0.0,0.0,2020-09-22
2.97,0.0,0.0,0.0,0.0,0.0,2020-09-23
2.73,0.0,0.0,50.6398941,0.0816,0.31875,2020-09-24
3.1,0.0,0.0,76.09192345557865,0.09056,0.47899933812499995,2020-09-25
3.6,0.0,0.0,75.57526203462452,0.054335999999999995,0.4755745215973666,2020-09-26
2.72,0.0,0.0,172.16371703793223,0.1894016,1.0848453877164033,2020-09-27
8.63,0.0,0.0,185.7379399566481,0.13764096,1.1697732314870763,2020-09-28
6.69,0.0,0.0413559,194.32281646010526,0.098584576,1.2233621247290507,2020-09-29
6.17,0.0,0.06897130629635399,196.9541092853756,0.0655507456,1.2395176028756578,2020-09-30
4.09,0.0,0.04108689935676807,195.6461673133929,0.03933044736,1.2309631830335974,2020-10-01
3.08,0.0,0.3266996089759104,217.14839563428782,0.06039826841600001,1.3665385457087056,2020-10-02
3.28,0.0,0.25600384979705165,215.71301766607547,0.0362389610496,1.357177472714299,2020-10-03
2.82,0.0,0.19176137181378736,272.6789944619959,0.11614337662976001,1.7169563604129716,2020-10-04
3.19,0.0,0.1291895718539903,272.76329940961955,0.07288602597785601,1.7167437153874743,2020-10-05
3.23,0.0,0.07697878894911751,305.53475983581706,0.0997316155867136,1.9235206213101221,2020-10-06
4.22,0.0,0.13123313339639428,356.7651737841423,0.14623896935202815,2.2470922489738565,2020-10-07
7.11,0.0,0.07820049549802997,458.589354781236,0.2557433816112169,2.0,2020-10-08
13.98,0.0,0.31706684366664617,548.4490728422725,0.3054460289667301,3.4599334673827253,2020-10-09
14.76,0.0,0.19895133698891349,600.0136405026078,0.27446761738003805,3.7840567052642027,2020-10-10
14.9,0.0,0.30501895249241207,673.7857266212177,0.29268057042802287,4.2500852531412985,2020-10-11
16.49,0.0,0.5224938027008998,728.1983667763864,0.2732083422568137,4.59241079138261,2020-10-12
16.83,0.0,1.1758190029062536,722.4608883923808,0.1639250053540882,4.5512397923524155,2020-10-13
14.03,0.0,1.680348471580817,717.2393725126287,0.09835500321245291,4.51538055245238,2020-10-14
12.74,0.0,1.651375634400468,712.3360073527289,0.05901300192747175,4.482746078203929,2020-10-15
9.12,0.0,1.9778286282488264,707.6332611804563,0.035407801156483044,4.452100045954555,2020-10-16
8.58,0.0,1.9949490534487524,703.0611584614246,0.021244680693889826,4.422707882377852,2020-10-17
9.67,0.0,1.1862385916532832,698.5779684737403,0.012746808416333895,4.394132240383904,2020-10-18
8.01,0.0,0.7061353272996229,701.0359494097863,0.018848085049800338,4.409862302960877,2020-10-19
6.69,0.0,0.4206190816959297,697.9570095641326,0.011308851029880204,3.0,2020-10-20
7.06,0.0,0.2506461263179254,749.5034047020714,0.09798531061792812,4.718481309775829,2020-10-21
8.94,0.0,0.1493948366539127,772.8239596863865,0.10519118637075686,4.8656462793879465,2020-10-22
10.62,0.0,0.08905774730049336,769.4706990515742,0.06631471182245412,4.842649748039916,2020-10-23
7.81,0.0,0.13215676099314286,764.3572573375586,0.03978882709347247,4.809191869072339,2020-10-24
9.16,0.0,0.07893984565376269,796.133873828839,0.10867329625608349,3.0,2020-10-25
7.94,0.0,0.7351235522854039,794.4180283768585,0.07320397775365009,5.0,2020-10-26
9.23,0.0,0.8137987362969507,794.5744970261151,0.05352238665219006,5.0,2020-10-27
6.84,0.0,0.5106108867723718,794.3122182156691,0.08651343199131403,5.0,2020-10-28
8.78,0.0,0.30424984494318624,794.3202109294015,0.08550805919478842,5.0,2020-10-29
10.95,0.0,0.8661261711609853,796.7862034125753,0.15210483551687307,2.0,2020-10-30
12.55,0.0,0.5819716231415182,793.4985399345845,0.18886290131012384,5.0,2020-10-31
16.49,0.0,0.425502973884911,793.7684039607507,0.15491774078607431,5.0,2020-11-01
15.71,0.0,0.6877817843309465,795.0308648700058,0.12175064447164459,4.0,2020-11-02
17.67,0.0,0.679789070598568,789.4847786755381,0.07305038668298676,4.968942905437536,2020-11-03
16.62,0.0,1.213796587424647,794.4861896555221,0.06463023200979205,5.0,2020-11-04
16.0,0.0,1.5014600654154846,789.2144895530828,0.03877813920587523,4.965538685347013,2020-11-05
13.74,0.0,1.2315960392492908,784.0994210374411,0.023266883523525135,4.932590559706767,2020-11-06
11.81,0.0,0.969135129994291,779.0900224896774,0.01396013011411508,4.900621381484006,2020-11-07
12.17,0.0,0.5771432890301542,774.1558605180377,0.008376078068469047,4.869312640560484,2020-11-08
11.3,0.0,0.5138103444778469,771.1171049478937,0.0050256468410814275,3.0,2020-11-09
10.71,0.0,0.3061614170923468,777.9815928341584,0.017415388104648856,2.0,2020-11-10
10.46,0.0,0.18247795593487984,777.8754043149228,0.013649232862789311,2.0,2020-11-11
9.85,0.0,0.1087771662795945,783.742757248084,0.025789539717673587,4.930471276968268,2020-11-12
11.57,0.0,0.06484933107921727,786.5719089494042,0.028273723830604156,4.948392232800525,2020-11-13
12.36,0.0,0.03875557014393906,784.4262591819877,0.018564234298362493,3.0,2020-11-14
10.88,0.0,0.13551211373533353,794.6824886023968,0.039938540579017495,5.0,2020-11-15
11.67,0.0,0.10618851923557168,795.4573018989512,0.19356312434741052,3.0,2020-11-16
16.64,0.0,0.2021757898705129,797.6246183818785,0.1721378746084463,1.0,2020-11-17
18.69,0.0,0.22245606587917682,791.8208048804753,0.10328272476506777,4.98515386488674,2020-11-18
19.09,0.0,0.14564976741650268,795.2902097065221,0.08916963485904066,4.0,2020-11-19
19.76,0.0,0.3175113976031891,792.8404000297908,0.056701780915424396,4.0,2020-11-20
14.29,0.0,1.5426981010488618,791.5710074644959,0.034021068549254636,1.0,2020-11-21
15.32,0.0,1.3753816181214857,795.3153393766088,0.08601264112955279,4.0,2020-11-22
14.47,0.0,0.8186596365163914,789.9367407372638,0.051607584677731674,4.970720871103805,2020-11-23
15.32,0.0,0.7097902934779636,786.693069310362,0.030964550806639003,3.0,2020-11-24
14.37,0.0,0.44980967673130295,781.6309935269957,0.018578730483983404,4.916831683189763,2020-11-25
14.54,0.0,0.26939256529482725,785.4679967926854,0.020747238290390043,2.0,2020-11-26
13.3,0.0,0.6846606233912402,798.1462817396359,0.10684834297423403,1.0,2020-11-27
13.51,0.0,0.4078777682411238,798.4622010437815,0.06730900578454042,1.0,2020-11-28
14.64,0.0,0.24367142690169907,794.1413542784676,0.04038540347072425,4.0,2020-11-29
14.31,0.0,0.145244100176578,792.9491662768564,0.02423124208243455,1.0,2020-11-30
11.82,0.0,0.16299673431020456,796.7220928129093,0.16013874524946073,2.0,2020-12-01
20.17,0.0,0.8537182603641299,798.1428068552741,0.10728324714967644,1.0,2020-12-02
18.36,0.0,0.537798956218478,798.3834121131645,0.07716994828980586,1.0,2020-12-03
21.9,0.0,0.32084676531392764,796.4141893072781,0.07350196897388352,3.0,2020-12-04
22.91,0.0,0.19218800161111532,793.0642842765227,0.04410118138433011,3.0,2020-12-05
19.06,0.0,1.2779071870906966,791.8546984525092,0.026460708830598065,1.0,2020-12-06
19.3,0.0,0.8571931447259147,797.3262833618661,0.20947642529835886,1.0,2020-12-07
29.28,0.0,0.6165878868355488,797.3949220171197,0.20088585517901533,1.0,2020-12-08
35.09,0.0,0.5858106927218517,795.4350151673019,0.12053151310740919,1.0,2020-12-09
29.27,0.0,0.349905030755415,793.8604884406402,0.0723189078644455,1.0,2020-12-10
25.94,0.0,0.20958582401357123,791.51688952641,0.043391344718667305,2.0,2020-12-11
23.54,0.0,1.6737166381338875,798.5107338934187,0.06123480683120039,1.0,2020-12-12
25.51,0.0,1.6050779828803323,797.6301997448923,0.04634088409872023,2.0,2020-12-13
21.38,0.0,0.9599068498178058,798.5349458016308,0.058204530459232136,1.0,2020-12-14
20.47,0.0,0.5745267266617348,798.3630154809784,0.07972271827553928,1.0,2020-12-15
29.14,0.0,0.3435989142302009,796.3637259612063,0.07983363096532356,3.0,2020-12-16
30.77,0.0,0.48926610658129116,797.004892574938,0.12470017857919416,2.0,2020-12-17
33.67,0.0,0.36980025510778747,793.410817263557,0.0748201071475165,3.0,2020-12-18
29.87,0.0,0.4650541983692648,790.0433389582514,0.046492064288509896,4.0,2020-12-19
28.34,0.0,0.6369845190215588,787.8235123887895,0.027895238573105934,2.0,2020-12-20
26.0,0.0,0.6362740387936288,786.6918206112314,0.01673714314386356,1.0,2020-12-21
25.63,3.6813028949900115,0.9951074250619695,796.5419381357683,0.3076422858863182,1.0,2020-12-22
54.38,0.0,0.5940753113810919,797.307834881461,0.21178537153179092,1.0,2020-12-23
62.56,193.0196690421964,0.3674783053055094,793.0661956411058,0.6182712229190745,2.0,2020-12-24
123.41,0.0,0.2198265694618741,792.8943046393385,0.3901627337514448,4.0,2020-12-25
135.8,0.0,0.13169177755808673,790.0278284500226,0.23569764025086684,2.0,2020-12-26
85.36,0.0,2.4580618642316825,798.5998513267958,0.1750185841505201,0.0,2020-12-27
76.68,0.0,1.6921651185390096,795.2066611305922,0.22501115049031203,3.0,2020-12-28
106.85,0.0,4.933804358894215,797.8445925445494,0.1446066902941872,1.0,2020-12-29
90.43,0.0,3.1056953606615005,795.7856588070132,0.15236401417651235,3.0,2020-12-30
79.62,0.0,1.8664761893159318,798.0042993881948,0.09781840850590741,1.0,2020-12-31
65.3,0.0,1.4001486732041608,797.4039654600737,0.07469104510354443,2.0,2021-01-01
55.94,0.0,1.7933388694077872,797.0338533833268,0.046414627062126665,1.0,2021-01-02
48.96,0.0,1.1554074554505558,794.8124461844875,0.027848776237275996,2.0,2021-01-03
45.36,0.0,1.2143411929868035,798.7003009667185,0.0375092657423656,1.0,2021-01-04
42.3,0.0,0.781359418818448,798.7051245800311,0.03690555944541936,1.0,2021-01-05
40.91,0.0,0.5960345399262846,797.5284860566605,0.02214333566725161,1.0,2021-01-06
42.14,0.0,0.3701120767469025,797.7152257088252,0.03568600140035097,2.0,2021-01-07
41.98,0.0,0.22140719883931562,796.5488055413035,0.05661160084021059,3.0,2021-01-08
43.47,0.0,0.2996990332815011,795.2531242309569,0.03716696050412635,3.0,2021-01-09
42.24,0.0,0.29487541996890065,796.7074995948693,0.03670017630247581,3.0,2021-01-10
39.92,0.0,0.17663852337062394,798.7601393548059,0.030020105781485486,1.0,2021-01-11
36.64,0.0,0.28477429117480074,793.9334879747877,0.2596120634688913,4.0,2021-01-12
57.98,0.0,0.4511944586964784,794.5181087848725,0.1861672380813348,4.0,2021-01-13
72.12,0.0,0.29568131034658524,794.8816172709236,0.14050034284880086,4.0,2021-01-14
68.59,0.0,0.2925004051307322,793.212373434476,0.08430020570928051,1.0,2021-01-15
55.14,0.0,0.23986064519406902,791.8116714382003,0.05058012342556831,1.0,2021-01-16
46.23,0.0,2.066512025212375,797.4896943690384,0.06394807405534098,2.0,2021-01-17
43.71,0.0,1.481891215127425,798.5528089329787,0.05596884443320459,1.0,2021-01-18
44.54,0.0,1.118382729076455,797.5683413597873,0.17918130665992274,1.0,2021-01-19
57.43,0.0,0.6692438364475516,796.5164479037123,0.18590878399595362,2.0,2021-01-20
87.69,0.0,0.40070199627578207,794.8446436476353,0.14514527039757216,4.0,2021-01-21
82.24,0.0,0.510305630961621,794.1987541885812,0.2262871622385433,4.0,2021-01-22
84.93,0.0,0.4471910670213047,794.0682018513074,0.142172297343126,3.0,2021-01-23
85.47,0.0,1.4316586402127827,788.4321421304796,0.0853033784058756,4.962926261570671,2021-01-24
72.36,0.0,1.48355209628771,783.1034277871604,0.051182027043525355,4.927700888315497,2021-01-25
60.94,0.0,1.1553563523646744,793.9036217310024,0.1379092162261152,5.0,2021-01-26
60.45,0.0,1.8012458114188048,797.2247786727094,0.09714552973566913,2.0,2021-01-27
61.02,0.0,1.1305523372738235,797.1007552036256,0.11268731784140149,2.0,2021-01-28
67.71,0.0,0.6731334592570406,796.6572329982683,0.2932123907048409,1.0,2021-01-29
91.85,0.0,0.4010134550037867,793.4915856219936,0.3151274344229046,4.0,2021-01-30
130.68,0.0,1.096378268997616,787.0413343174623,0.18907646065374276,4.95932241013746,2021-01-31
111.39,0.0,0.7752213272906396,796.9159499063899,0.13584587639224563,2.0,2021-02-01
82.5,0.0,0.8992447963743839,794.2680335831507,0.08150752583534739,2.0,2021-02-02
63.2,0.0,2.3427670017316786,796.2946379663003,0.21370451550120845,2.0,2021-02-03
84.58,0.0,2.5084143780063206,794.5115850068732,0.31222270930072504,3.0,2021-02-04
132.5,0.0,1.4909288943938326,794.9684742350712,0.19373362558043505,2.0,2021-02-05
122.64,0.0,1.08405009361012,797.3936889989674,0.20104017534826102,1.0,2021-02-06
98.74,0.0,0.6479163232392479,795.8116916404325,0.2742241052089566,2.0,2021-02-07
71.56,0.0,1.7053620336996433,795.1785803288908,0.22853446312537398,3.0,2021-02-08
49.19,0.0,2.4884149931267787,793.668210610892,0.16752067787522437,5.0,2021-02-09
53.3,0.0,1.5431107718020045,787.9150351185509,0.10051240672513463,4.960426316318075,2021-02-10
57.82,0.0,1.6063110010326056,782.5183645515797,0.06030744403508077,4.924468969490944,2021-02-11
53.96,0.0,2.188308359567474,777.3462443663655,0.036184466421048465,4.890739778447372,2021-02-12
48.53,0.0,1.8214196711092305,772.3201179793302,0.02171067985262908,4.858414027289784,2021-02-13
43.99,0.0,1.3317893891080337,767.3931404578142,0.013026407911577446,4.827000737370814,2021-02-14
40.66,0.0,0.7927491760229596,768.2962011721678,0.012615844746946468,2.0,2021-02-15
41.98,0.0,0.4722015974803065,793.8967824205571,0.1387695068481679,5.0,2021-02-16
63.07,0.0,0.28138040676683085,795.1461968352932,0.10726170410890075,4.0,2021-02-17
120.37,0.0,0.1677123597454372,792.609258798825,0.06915702246534045,4.988413730220582,2021-02-18
133.92,0.0,0.09997678414521896,793.6143610028404,0.17429421347920426,5.0,2021-02-19
135.52,0.0,0.09693928564634416,787.829523991089,0.10457652808752256,4.960089756267752,2021-02-20
129.41,0.0,1.1032175794429349,782.4143481759445,0.06274591685251353,4.923934524944306,2021-02-21
94.66,0.0,0.85380316470685,777.231539664997,0.03764755011150812,4.890089676099653,2021-02-22
72.52,0.0,0.5485243062475713,772.1993746444392,0.02258853006690487,4.857697122906231,2021-02-23
61.41,0.0,1.3856389971596739,767.2691255669903,0.013553118040142921,4.826246091527745,2021-02-24
52.43,0.0,0.8247472554836184,762.4116901563709,0.008131870824085752,4.795432034793689,2021-02-25
48.15,0.0,0.49124129020010804,757.6096505863705,0.004879122494451451,4.765073063477318,2021-02-26
44.21,0.0,0.292718834847861,752.8525500661125,0.0029274734966708705,4.735060316164816,2021-02-27
43.35,0.0,0.17446789765152865,748.1340805412218,0.0017564840980025223,4.705328437913203,2021-02-28
39.11,0.0,0.10400298592111377,743.4504073023559,0.0010538904588015133,4.675838003382636,2021-03-01
36.45,0.0,0.06200337582567371,738.7991705467945,0.0006323342752809079,4.646565045639724,2021-03-02
35.42,0.0,0.036966506523029824,734.17889024145,0.0003794005651685448,4.617494815917466,2021-03-03
32.1,0.0,0.022040204093329685,737.1064429514612,0.009827640339101128,3.0,2021-03-04
32.99,0.0,0.013141086977547007,732.4563352315747,0.005896584203460677,4.606915268446633,2021-03-05
29.76,0.0,0.0078352354832797,727.8527311557831,0.003537950522076406,4.577852095197342,2021-03-06
27.12,0.0,0.0046717099216815085,723.8373654248945,0.0021227703132458437,4.0,2021-03-07
27.39,0.0,0.0027854894270868402,725.1970178416614,0.010873662187947507,4.561483533905591,2021-03-08
27.27,0.0,0.07244728998870675,794.8655073893904,0.1425241973127685,4.0,2021-03-09
29.91,0.0,0.043192451439780705,789.2221208415485,0.0855145183876611,4.96790942118369,2021-03-10
33.79,0.0,0.02575198059420529,793.4600157472909,0.19370871103259665,5.0,2021-03-11
44.13,0.0,0.015365730888594211,793.3891294483745,0.20262522661955798,5.0,2021-03-12
60.48,0.0,0.07886404932748328,792.2908376690247,0.3407751359717348,5.0,2021-03-13
75.12,0.0,1.1344926106096374,793.1582626014148,0.2316650815830409,5.0,2021-03-14
85.68,0.0,0.6754771266582155,793.5387975608489,0.18379904894982454,5.0,2021-03-15
84.07,0.0,1.5399842527091434,787.7095394561759,0.11027942936989471,4.959617484755306,2021-03-16
83.2,0.0,1.6108705516254862,794.2068471219056,0.09976765762193682,5.0,2021-03-17
68.79,0.0,2.7091623309752917,788.7706087424459,0.05986059457316209,4.96379279451191,2021-03-18
58.02,0.0,1.841737398585175,783.5592653824895,0.03591635674389725,4.929816304640287,2021-03-19
52.37,0.0,1.4612024391511051,778.4942197564951,0.02154981404633835,4.8972454086405595,2021-03-20
42.86,0.0,0.8696406199177105,790.2051451335718,0.04012988842780301,4.971838873478094,2021-03-21
41.35,0.0,0.7931528780943976,791.9431332134212,0.0352779330566818,4.982532157084824,2021-03-22
36.61,0.0,0.47244558494776256,786.8269076091896,0.02116675983400908,4.949644582583883,2021-03-23
34.61,0.0,0.28152705531615346,781.8099365261332,0.012700055900405448,4.917668172557434,2021-03-24
32.07,0.0,0.16780021735382641,776.8644225820818,0.007620033540243269,4.886312103288333,2021-03-25
28.84,0.0,0.3172357494451667,775.8988788181157,0.010972020124145962,4.880402641138011,2021-03-26
27.41,0.0,0.2794797630657404,787.6770682826711,0.03378321207448758,4.955617992613223,2021-03-27
29.6,0.0,0.1665810216477789,794.6098940784047,0.04906992724469255,5.0,2021-03-28
29.09,0.0,0.09930291049888737,794.6005764470428,0.050241956346815525,5.0,2021-03-29
28.84,0.0,0.059201840763094433,789.3962862051791,0.030145173808089315,4.966253602794018,2021-03-30
23.86,0.0,0.08514112282807716,784.3206728551995,0.01808710428485359,4.933726788782369,2021-03-31
23.46,0.0,0.26619254283131233,779.334084089406,0.010852262570912152,4.902004205344997,2021-04-01
20.7,0.0,0.39010592159530577,774.4128179928604,0.0065113575425472916,4.870838025558787,2021-04-02
20.41,0.0,0.3994235529571834,769.542672100897,0.003906814525528375,4.840080112455377,2021-04-03
22.19,0.0,0.2380366390697279,764.7151043795985,0.002344088715317025,4.809641700630606,2021-04-04
19.86,0.0,0.14188656119727522,763.8510006507937,0.007806453229190216,4.804469402372491,2021-04-05
18.89,0.0,0.08458456044858997,794.0978032180967,0.11348387193751414,5.0,2021-04-06
23.34,0.0,0.05042807098683491,794.0007619308581,0.1256903231625085,5.0,2021-04-07
25.87,0.0,0.030065779508018073,794.1587771585148,0.1058141938975051,5.0,2021-04-08
27.98,0.0,0.01792602066791456,788.6942364239403,0.06348851633850305,4.9634923572407175,2021-04-09
25.9,0.0,0.059634326432307136,783.4663370233083,0.038093109803101835,4.9293389776496275,2021-04-10
24.28,0.0,0.9021967819032375,793.2282958662393,0.2228558658818611,5.0,2021-04-11
34.91,0.0,0.9992380691419426,789.1761488129644,0.13691351952911662,4.9701768491639955,2021-04-12
40.08,0.0,0.8412228414851656,784.5799262640348,0.08374811171746997,4.938600930081027,2021-04-13
34.69,0.0,0.5010483773337525,780.265283147819,0.051848867030481985,4.909874539150218,2021-04-14
30.28,0.0,0.298560422982384,778.0903677972027,0.03590932021828919,4.8954080196738685,2021-04-15
26.41,0.0,1.7717041337607957,773.0607065975208,0.021545592130973516,4.863064798732517,2021-04-16
22.5,0.0,1.0819702041108732,768.1297654791257,0.012927355278584107,4.831629416234505,2021-04-17
21.42,0.0,0.6576216188484789,763.2697474973498,0.007756413167150465,4.800811034244536,2021-04-18
21.47,0.0,0.4047685770656304,758.4640121712059,0.004653847900290279,4.770435921858437,2021-04-19
19.98,0.0,0.27950733094246333,753.7025658048386,0.002792308740174167,4.740400076070037,2021-04-20
19.37,0.0,0.16659640094937714,748.9793762683713,0.0016753852441045002,4.710641036280242,2021-04-21
18.9,0.0,0.09931170216061298,744.2907732488104,0.0010052311464627001,4.681121101677321,2021-04-22
13.5,0.0,0.05920694753123473,739.6344948673116,0.00060313868787762,4.651817332805065,2021-04-23
14.23,0.0,0.03529940428547223,735.0091193901501,0.00036188321272657205,4.622715592920697,2021-04-24
12.92,0.0,0.021046290297288914,730.4137264437225,0.00021712992763594323,4.593806996188438,2021-04-25
14.02,0.0,0.012548500187106707,725.8476950326722,0.00013027795658156592,4.565085790273265,2021-04-26
12.31,0.0,0.00748191788351403,721.3105831130642,7.816677394893956e-05,4.536548093954201,2021-04-27
11.91,0.0,0.004461048693743523,716.8020557878243,4.690006436936373e-05,4.508191144456651,2021-04-28
12.4,0.0,0.002659884240756906,713.7904340907576,0.0016281400386216182,4.0,2021-04-29
12.1,0.0,0.0015859502392428578,793.8219937720157,0.148176884023173,5.0,2021-04-30
14.2,0.0,0.0009456207769183869,794.0642362632094,0.11770613041390379,5.0,2021-05-01
13.62,0.0,0.000563825653696091,788.5440423988314,0.07062367824834227,4.962901476645058,2021-05-02
13.21,0.0,0.0003361807832344159,787.2065010441332,0.04877420694900536,4.9534002649926965,2021-05-03
12.41,0.0,0.011621697066785787,793.6225470328533,0.17326452416940322,5.0,2021-05-04
13.61,13.526917190361218,1.1780062279842254,791.909368219712,0.3887587145016419,5.0,2021-05-05
19.26,0.0,0.9357637367905353,792.9166609318272,0.26205522870098513,5.0,2021-05-06
17.92,0.0,0.5572923877330375,787.70156032865,0.1588331372205911,4.96197913082392,2021-05-07
15.55,0.0,0.38414108970535865,782.0324386580984,0.09529988233235465,4.923134752054063,2021-05-08
15.71,0.0,1.3774529671467557,793.7186195612746,0.1611799293994128,5.0,2021-05-09
14.79,0.0,3.090631780288053,794.1421317367648,0.10790795763964768,5.0,2021-05-10
14.88,0.0,2.083339068172832,793.9510390420589,0.13194477458378862,5.0,2021-05-11
14.83,0.0,1.2531214723532653,794.2307034252353,0.09676686475027316,5.0,2021-05-12
14.51,0.0,0.7459869184975543,788.8085123090391,0.05806011885016389,4.963941896407721,2021-05-13
16.6,0.0,1.281380438725332,783.6053866481085,0.03483607131009833,4.930053201931494,2021-05-14
14.91,0.0,0.8578682632351992,778.5450902477806,0.020901642786059,4.897533666550678,2021-05-15
15.43,0.0,1.0489609579411194,775.5445858522331,0.0157409856716354,4.878406814048629,2021-05-16
17.23,0.0,0.7692965747646716,793.6020354983463,0.17584459140298125,5.0,2021-05-17
20.18,0.0,0.45824921978847694,793.6397012990078,0.17110675484178875,5.0,2021-05-18
26.06,0.0,0.273072458999052,794.0820607794046,0.11546405290507325,5.0,2021-05-19
28.62,0.0,0.16276273377719472,793.7114764676428,0.16207843174304395,5.0,2021-05-20
31.36,0.0,0.12209758149895326,792.8841632775966,0.10524705904582636,4.991946727922768,2021-05-21
25.49,0.0,1.397964501653701,794.1036515283514,0.11274823542749582,5.0,2021-05-22
26.93,0.0,1.3602987009922207,793.9915509170108,0.12684894125649748,5.0,2021-05-23
25.64,0.0,0.9179392205953323,794.2295705502065,0.09690936475389848,5.0,2021-05-24
25.77,0.0,1.2885235323571995,794.1052623301239,0.11254561885233909,5.0,2021-05-25
28.42,0.0,0.8353664621234185,793.3437973980743,0.20832737131140344,5.0,2021-05-26
41.23,0.0,0.8963484716485919,792.9123584388446,0.26259642278684203,5.0,2021-05-27
47.68,0.0,1.008449082989155,793.5184550633068,0.18635785367210522,5.0,2021-05-28
57.81,0.0,0.7704294497934929,787.6772397822073,0.11181471220326313,4.959490344145667,2021-05-29
47.99,0.0,0.8947376698760957,782.229116381712,0.06708882732195788,4.922982748638796,2021-05-30
35.26,0.0,1.6562026019256575,777.0272793559147,0.04025329639317473,4.8889319773857,2021-05-31
28.14,0.0,2.0876415611553942,771.9843643252531,0.024151977835904836,4.856420495974467,2021-06-01
23.78,0.0,1.4815449366932365,767.0482915382763,0.014491186701542902,4.824902277032831,2021-06-02
20.39,0.0,0.8817249369537612,762.1879639051515,0.00869471202092574,4.794051822114227,2021-06-03
18.93,0.0,0.5251406518565251,793.7501262236602,0.15721682721255545,5.0,2021-06-04
20.09,161.4806211920573,0.31290504841152444,790.5739957341962,0.5567300963275332,5.0,2021-06-05
44.04,0.0,0.18649453468716878,783.0085953526925,0.3340380577965199,4.941087473338726,2021-06-06
37.43,0.0,0.11117050994395976,776.5552719093017,0.20042283467791194,4.893803720954328,2021-06-07
26.39,0.0,0.06627581101061726,770.7738014844207,0.12025370080674716,4.853470449433136,2021-06-08
22.68,0.0,1.249873776339816,765.4038106275419,0.0721522204840483,4.81733625927763,2021-06-09
16.87,0.0,4.42600426580389,760.2907542635163,0.043291332290428974,4.783773816422137,2021-06-10
13.56,0.0,2.624312908164883,755.3426873262764,0.025974799374257382,4.7518172141469766,2021-06-11
15.2,0.0,1.5595197224364576,750.504812027218,0.015584879624554428,4.720891795789227,2021-06-12
10.24,0.0,0.9279999754478283,745.7444164088976,0.009350927774732657,4.690655075170112,2021-06-13
10.28,0.0,0.5526545976010679,741.041934895866,0.005610556664839594,4.66090260255561,2021-06-14
7.94,0.0,0.329282547603485,736.3856327683325,0.003366333998903756,4.631512093099163,2021-06-15
6.58,0.0,0.19624972309297045,731.7684420030788,0.0020198003993422537,4.602410204802078,2021-06-16
5.93,0.0,0.1169835032690955,727.1860765093934,0.001211880239605352,4.573552762519243,2021-06-17
5.94,0.0,0.06974054315031726,722.6359090039313,0.0007271281437632113,4.544912978183709,2021-06-18
5.41,0.0,0.04157891047588917,793.6557235065345,0.12363627688625793,4.9977244312745706,2021-06-19
6.07,0.0,0.024790034434280437,793.5580149592525,0.18138176613175477,5.0,2021-06-20
7.69,0.0,0.014780560451657801,792.7483289755515,0.2832290596790529,5.0,2021-06-21
28.07,0.0,0.008812731166126367,792.5041973853309,0.3139374358074317,5.0,2021-06-22
57.58,0.0,0.005254527278453357,793.2099584311985,0.22516246148445904,5.0,2021-06-23
40.66,0.0,0.9824610661221831,787.1874870922192,0.13509747689067542,4.957562240194991,2021-06-24
26.69,0.0,1.4419850407474504,781.6334710519419,0.08105848613440524,4.91992179432637,2021-06-25
18.87,0.0,2.2516710244484703,776.3704896285849,0.048635091680643144,4.885209194074637,2021-06-26
13.23,0.0,2.495802614669082,771.2930369256317,0.029181055008385883,4.852315560178655,2021-06-27
11.66,0.0,1.7900415688014495,766.3382565955379,0.01750863300503153,4.820581480785197,2021-06-28
9.66,0.0,1.0649090987843364,767.3568329966096,0.02010517980301892,4.827114103722112,2021-06-29
9.76,0.0,0.6340942459509419,779.1485646887974,0.03926310788181135,4.9022302062288095,2021-06-30
12.63,0.0,0.37777222928237586,793.3244749754037,0.21075786472908684,5.0,2021-07-01
11.82,0.0,0.22513714277459596,789.3289661431319,0.12965471883745208,4.970777968596273,2021-07-02
13.14,0.0,0.134198849308492,783.7854565121281,0.07779283130247126,4.933306038394575,2021-07-03
10.99,0.0,0.1543094952061843,794.2982081946872,0.08827569878148275,5.0,2021-07-04
10.62,0.0,0.30603810158333133,792.9507649168123,0.2577654192688897,5.0,2021-07-05
18.42,0.0,1.6755250245962405,793.3634189500874,0.2058592515613338,5.0,2021-07-06
14.66,0.0,1.0247308636755843,791.3504728721938,0.12991555093680027,4.983521368438046,2021-07-07
10.4,0.0,0.6102035926091842,793.9859828220315,0.12754933056208015,5.0,2021-07-08
9.75,0.0,0.7017918053127878,788.419733860158,0.0765295983372481,4.962412392637697,2021-07-09
7.65,0.0,2.049235083187673,783.1323485044194,0.04591775900234885,4.927623336625987,2021-07-10
7.78,0.0,1.636581049912604,778.023361719685,0.027550655401409312,4.894577178152621,2021-07-11
8.37,0.0,1.0294247094556535,773.0329092022466,0.016530393240845587,4.862646010748032,2021-07-12
7.9,0.0,1.0140171779685372,768.1252614870433,0.009918235944507352,4.831455682514042,2021-07-13
7.72,0.0,0.6038365692358288,771.1298573759475,0.018750941566704413,4.85078288429402,2021-07-14
6.89,0.0,0.35976201911261213,792.5827980087269,0.30405056494002264,5.0,2021-07-15
27.99,0.0,0.21440960658170757,793.1807988052361,0.22883033896401359,5.0,2021-07-16
31.48,0.0,0.12780650669042348,787.1412022200657,0.13729820337840815,4.957379992532726,2021-07-17
17.89,0.0,0.07619203268922206,781.5771840092033,0.08237892202704487,4.919632513875411,2021-07-18
14.57,0.0,0.14462122680170564,776.3084281494694,0.049427353216226926,4.884857400057521,2021-07-19
10.07,0.0,2.41720199127318,771.227714155896,0.029656411929736157,4.851927675934183,2021-07-20
8.38,0.0,1.819201194763908,766.2711675559801,0.017793847157841693,4.82017321347435,2021-07-21
6.72,0.0,1.0822165926377072,761.4006745957349,0.010676308294705015,4.7891947972248765,2021-07-22
6.49,0.0,0.6443856969869889,756.5934515250476,0.006405784976823009,4.758754216223343,2021-07-23
5.75,0.0,0.3838984596764334,751.8358447497852,0.003843470986093805,4.728709072031548,2021-07-24
5.57,6.035338170164408,0.22878631763915855,792.5775866433963,0.3047060825916563,5.0,2021-07-25
26.47,0.0,0.13637338644146751,792.5162319860378,0.31242364955499374,5.0,2021-07-26
35.72,0.0,0.08129816302032636,793.3062191916226,0.21305418973299622,5.0,2021-07-27
22.46,0.0,0.048468854464015866,793.6021315149736,0.17583251383979775,5.0,2021-07-28
18.84,0.0,0.028897703230850585,793.7033589089841,0.16309950830387865,5.0,2021-07-29
17.41,0.0,2.4224133566036676,787.970851623874,0.09785970498232718,4.960645993181151,2021-07-30
13.4,0.0,2.4837680139622003,793.5283292072343,0.18511582298939633,5.0,2021-07-31
13.75,0.0,1.69378080837732,793.8117175243406,0.1494694937936378,5.0,2021-08-01
18.63,0.0,1.3978684850263923,793.3584705146044,0.20648169627618268,5.0,2021-08-02
22.3,0.0,1.2966410910158352,787.4232390825094,0.1238890177657096,4.958490440716277,2021-08-03
13.53,0.0,0.7718612919290087,781.920183529246,0.07433341065942575,4.921395244265684,2021-08-04
12.83,0.0,1.471670792765701,776.6866252223361,0.04460004639565545,4.887001147057787,2021-08-05
11.21,0.0,1.1882824756594206,780.4547161612508,0.04116002783739327,4.910541407639601,2021-08-06
10.69,0.0,1.6415294853956524,794.3711866672156,0.07909601670243596,5.0,2021-08-07
9.91,0.0,0.97674099137859,793.5669520003294,0.18025761002146157,5.0,2021-08-08
12.69,0.0,0.5816603089978601,793.6695312001976,0.16735456601287693,5.0,2021-08-09
10.91,0.0,0.34655715985209395,793.2985987201185,0.21401273960772618,5.0,2021-08-10
11.56,0.0,0.32136765344583806,793.0251592320711,0.2484076437646357,5.0,2021-08-11
11.25,0.0,0.6288133327843659,786.8941781760371,0.14904458625878142,4.956407245200445,2021-08-12
8.35,0.0,1.4330479996706194,781.2767937460383,0.08942675175526883,4.918088613600232,2021-08-13
7.78,0.0,1.3304687998023716,775.9772315240274,0.0536560510531613,4.8829799609127384,2021-08-14
6.86,0.0,1.7014012798814233,770.8791199285708,0.03219363063189678,4.849857697025171,2021-08-15
5.91,0.0,1.9748407679288538,794.1341163818859,0.10891617837913807,5.0,2021-08-16
3.88,0.0,1.1745738108335737,794.1879098291315,0.10214970702748283,5.0,2021-08-17
4.77,0.0,0.6992958163985591,794.398265897479,0.0756898242164897,5.0,2021-08-18
5.07,0.0,0.41658226109813307,793.9777056749159,0.05341389452989382,4.996239161859243,2021-08-19
4.83,0.0,0.24825389843131096,794.5035357230925,0.06244833671793629,5.0,2021-08-20
5.56,0.0,0.8658836181141477,794.1453843851723,0.04546900203076177,4.9968970982693275,2021-08-21
5.06,0.0,0.8120901708684886,793.7527928603133,0.15688140121845706,5.0,2021-08-22
9.14,0.0,0.6017341025210932,788.0493572921351,0.09412884073107423,4.960954955376958,2021-08-23
6.59,0.0,0.4243210607039028,782.6817614558812,0.056477304438644536,4.9253084830758445,2021-08-24
8.51,0.0,0.4964642769075935,777.5264355509146,0.03388638266318672,4.891761009099257,2021-08-25
4.44,0.0,0.36125423965085796,776.4342847406762,0.02673182959791203,4.884540222193216,2021-08-26
5.44,0.0,1.2472071396867337,779.3067605893814,0.02883909775874722,4.902714279629226,2021-08-27
6.15,0.0,0.7424806128012509,794.5189975036908,0.06050345865524834,5.0,2021-08-28
5.96,0.0,0.44228735317813167,794.5460385022145,0.057102075193149006,5.0,2021-08-29
4.97,0.0,0.26356489586739823,792.2517914198955,0.039061245115889404,4.98466274063884,2021-08-30
6.91,0.0,0.20761058804526814,787.1157001628154,0.02343674706953364,4.951573696374347,2021-08-31
6.18,0.0,0.2248098716655588,782.086234226007,0.014062048241720184,4.919473126017596,2021-09-01
5.69,0.0,0.4810024963092243,777.1326212710036,0.008437228945032111,4.8880389639125434,2021-09-02
4.54,0.0,0.4539614977855346,772.2364471947011,0.005062337367019266,4.857078882943772,2021-09-03
3.5,0.0,0.3095843416800943,767.3866600707507,0.0030374024202115594,4.826477794966882,2021-09-04
3.19,0.0,0.18451756070574934,762.576595680046,0.0018224414521269357,4.796166625442192,2021-09-05
3.13,0.0,0.10999281079082966,757.8022055655254,0.0010934648712761614,4.766103723000288,2021-09-06
2.69,0.0,0.06557399109092063,753.0610010738222,0.0006560789227656968,4.7362637847845335,2021-09-07
3.29,0.0,0.03909519335866146,748.3514239399381,0.00039364735365941806,4.706631256711389,2021-09-08
2.78,0.0,0.023309328983492313,743.6724710679636,0.00023618841219565082,4.677196399624613,2021-09-09
2.5,0.0,0.013897765262526646,739.0234708296238,0.00014171304731739047,4.647952944174772,2021-09-10
3.91,0.0,0.008286391520395356,794.1470840287643,0.10728502782839044,5.0,2021-09-11
4.42,0.0,0.004940706918550433,793.8776904172586,0.14117101669703427,5.0,2021-09-12
6.89,0.0,0.002945877172779672,788.2477224475407,0.08470261001822056,4.961735565107866,2021-09-13
4.94,0.0,0.001756472349935738,782.923078094629,0.05082156601093234,4.9265482652971295,2021-09-14
4.29,0.0,0.0010472941650558818,785.6395350925696,0.0432929396065594,4.943269238091431,2021-09-15
3.54,0.0,0.8529159712357042,788.3734715806718,0.03877576376393564,4.96024709432856,2021-09-16
5.41,0.0,1.1223095827414225,785.2257687718437,0.026465458258361385,4.939834197379199,2021-09-17
7.55,0.0,0.6682324046099382,780.1941988591715,0.01587927495501683,4.907661054824024,2021-09-18
5.42,0.0,0.39809608761463916,775.2441161915223,0.009527564973010097,4.876213742869822,2021-09-19
4.47,0.0,0.34027376396801184,770.3548003152792,0.005716538983806058,4.8452757261970145,2021-09-20
3.93,0.0,0.30581641756928757,765.5138253749464,0.003429923390283635,4.814717501970495,2021-09-21
2.76,0.0,0.2078686114488048,760.713708505718,0.002057954034170181,4.7844614085934145,2021-09-22
2.65,0.0,0.12390885784816995,755.9499134512549,0.0012347724205021085,4.754460678160738,2021-09-23
3.06,0.0,0.07386892477938839,755.1462986752193,0.007140863452301265,4.749686959070344,2021-09-24
2.68,0.0,0.044040150045990156,750.3944821437398,0.004284518071380759,4.719664366720121,2021-09-25
2.62,0.0,0.026257438362410387,745.6853467234769,0.0025707108428284554,4.6899655133983735,2021-09-26
2.86,0.0,0.01565546063486272,741.013383543321,0.0015424265056970731,4.66053341702173,2021-09-27
2.75,0.0,0.009334376302409863,793.5552826255678,0.18172545590341826,5.0,2021-09-28
2.68,0.0,0.053927816965276786,795.6102870871113,0.11863527354205096,3.0,2021-09-29
3.26,64.45185610755073,0.03215216475940205,791.6229897452044,0.4247811641252306,5.0,2021-09-30
7.87,0.0,0.01916990686447771,784.6703568435707,0.2548686984751383,4.9476436859075275,2021-10-01
7.13,0.0,0.011429763134231018,792.9320363082736,0.260121219085083,5.0,2021-10-02
8.13,6.064000919230978,1.444717374432175,793.6647723303352,0.41847273145104985,3.0,2021-10-03
15.97,0.0,0.9449955384564994,791.2358050709785,0.4734836388706299,5.0,2021-10-04
15.67,0.0,3.3770102547955836,784.0568069354536,0.2840901833223779,4.945223781693616,2021-10-05
12.85,0.0,2.0049892157261207,793.1106498255523,0.23765410999342673,5.0,2021-10-06
12.0,0.0,2.06796369172641,787.0298604556893,0.14259246599605604,4.956941561409701,2021-10-07
13.36,0.0,3.3352276696648673,781.4417850759748,0.08555547959763363,4.918936627848058,2021-10-08
13.33,0.0,3.7641949290215075,776.1591412825525,0.05133328775858017,4.884011156724843,2021-10-09
11.04,0.0,2.23377435383132,771.0705839512815,0.0307999726551481,4.8509946330159535,2021-10-10
9.72,0.0,1.8893501744477426,766.1097896699144,0.01847998359308886,4.819191149695509,2021-10-11
9.17,0.0,1.1238478084532022,794.288570478261,0.08948799015585332,5.0,2021-10-12
9.23,0.0,0.6691387518663926,794.4332222869566,0.07129279409351198,5.0,2021-10-13
11.07,0.0,0.398632636697593,794.5200133721739,0.06037567645610719,5.0,2021-10-14
9.68,0.0,0.23756269825498688,794.1523280233043,0.10662540587366431,5.0,2021-10-15
10.58,0.0,0.14160313167154798,788.683990467889,0.06397524352419859,4.963452050145652,2021-10-16
11.94,0.0,0.711429521739034,783.45387013473,0.03838514611451915,4.929274940424307,2021-10-17
9.65,0.0,0.5667777130434203,778.3779732358863,0.023031087668711488,4.896586688342063,2021-10-18
7.17,0.0,0.47998662782605217,775.2708264474184,0.013818652601226892,3.0,2021-10-19
6.65,0.0,0.8476719766956313,791.9516110910546,0.040291191560736135,3.0,2021-10-20
9.35,90.61443728601719,0.5048855052697139,791.6532510162552,0.4209747149364417,5.0,2021-10-21
34.91,0.0,0.3008453927346512,791.6309106097532,0.423784828961865,5.0,2021-10-22
40.12,0.0,0.1793102105016762,792.6351063658519,0.297470897377119,5.0,2021-10-23
34.89,0.0,0.10714678846790116,786.2752636631302,0.1784825384262714,4.953969414786574,2021-10-24
26.13,0.0,0.31921535636375664,781.4375288142901,0.10708952305576283,4.0,2021-10-25
21.94,0.0,3.3467489837447113,793.7017873633004,0.09305371383345769,4.996484555089314,2021-10-26
20.07,0.0,3.3690893902468266,796.4530011404484,0.06863222830007462,3.0,2021-10-27
18.41,0.0,2.364893634148096,791.1492456560009,0.041179336980044765,4.977831257127802,2021-10-28
15.46,0.0,1.4058732879351767,786.0103105748727,0.024707602188026857,4.944682785350006,2021-10-29
15.78,0.0,0.8377348488400573,796.6905682463369,0.038824561312816114,3.0,2021-10-30
16.13,0.0,0.7392568959004897,794.3441668425379,0.08249473678768968,5.0,2021-10-31
19.12,0.0,0.5469988595515948,792.9147401055227,0.2622968420726138,5.0,2021-11-01
34.11,0.0,0.32592422731963433,789.6575410315361,0.1621781052435683,4.974467125659517,2021-11-02
28.34,0.0,0.19425229577819594,795.9439203007253,0.13250686314614096,3.0,2021-11-03
24.52,0.0,0.30943175366314446,790.3404176573345,0.07950411788768459,4.974649501879533,2021-11-04
20.83,0.0,0.655833157462133,788.9487182411957,0.05410247073261075,4.96462761035834,2021-11-05
19.16,0.0,2.0852598944772796,790.6413438439504,0.03886148243956644,2.0,2021-11-06
18.02,0.0,1.282731948327049,794.4330307287632,0.07131688946373987,5.0,2021-11-07
18.08,0.0,1.0560796992747434,791.0913329250654,0.04599013367824392,4.97770644205477,2021-11-08
19.24,0.0,0.6288531415112736,794.5771070623548,0.053194080206946354,5.0,2021-11-09
18.08,0.0,0.42707180578048015,792.3241446011352,0.03191644812416781,2.0,2021-11-10
16.82,0.0,0.30737439724527815,790.1727985637606,0.019149868874500688,2.0,2021-11-11
16.74,0.0,0.566969271236732,785.1439957788084,0.01148992132470041,4.938579991023503,2021-11-12
14.75,0.0,0.36399136164303614,797.7151622566973,0.035693952794820245,2.0,2021-11-13
16.32,0.0,0.4228929376452235,797.5315571700294,0.023016371676892147,1.0,2021-11-14
16.71,0.0,0.25296246121958643,796.4215575717961,0.013809823006135289,1.0,2021-11-15
13.63,0.0,0.1513460373746366,796.3555669273061,0.008285893803681173,0.0,2021-11-16
13.16,0.0,0.09022279392863355,795.8840105711936,0.014571536282208704,4.0,2021-11-17
14.02,0.0,0.2848377433026656,795.7393663427162,0.03274292176932522,4.0,2021-11-18
14.15,0.0,0.18360508666792472,796.5445974046755,0.024445753061595136,2.0,2021-11-19
13.98,0.0,0.10999959823319437,795.4279112840097,0.01466745183695708,1.0,2021-11-20
11.82,0.0,0.06599064449002254,794.5229962547377,0.060000471102174255,5.0,2021-11-21
14.2,0.0,0.1159894288063813,794.5865977528426,0.052000282661304555,5.0,2021-11-22
15.55,0.0,0.26063365728382876,794.5611586517056,0.05520016959678273,5.0,2021-11-23
12.85,0.0,0.19476893804065823,797.5569495879706,0.055520101758069644,2.0,2021-11-24
12.81,0.0,0.1166861206658449,796.6834948733929,0.039712061054841784,3.0,2021-11-25
14.72,0.0,0.47700374526228534,797.6311066516694,0.046227236632905074,2.0,2021-11-26
13.63,0.0,0.4134022471573712,797.5639066275819,0.17973634197974303,1.0,2021-11-27
22.59,0.0,0.43884134829442273,795.6559248126529,0.16864180518784583,3.0,2021-11-28
24.0,0.0,0.4430504120293957,794.9398467384228,0.1331850831127075,4.0,2021-11-29
24.5,0.0,0.316505126607089,797.9396387115577,0.1327110498676245,1.0,2021-11-30
22.47,0.0,0.3688933483305825,796.4835874932338,0.1900266299205747,2.0,2021-12-01
33.13,0.0,1.4360933724181468,795.5302046557198,0.1844159779523448,3.0,2021-12-02
38.49,0.0,1.3440751873471313,797.9369338016965,0.13304958677140685,1.0,2021-12-03
36.55,0.0,1.0601532615771516,798.2854562810179,0.08942975206284413,1.0,2021-12-04
31.9,0.0,1.06036128844232,797.8170177686108,0.14805785123770648,1.0,2021-12-05
38.73,0.0,1.5164125067661862,796.109167675728,0.08883471074262389,1.0,2021-12-06
38.66,0.0,1.4697953442801879,794.8115654214932,0.14930082644557433,4.0,2021-12-07
37.07,0.0,1.0630661983035408,796.9404116429786,0.1327804958673446,2.0,2021-12-08
38.48,0.0,0.7145437189821247,794.3070961507209,0.07966829752040676,2.0,2021-12-09
33.4,0.0,1.1829822313892748,795.5430882110426,0.05740097851224405,4.0,2021-12-10
30.31,0.0,0.7078500928827475,791.2704761242551,0.03444058710734643,4.0,2021-12-11
28.21,0.0,1.1884345785067716,798.5919958254074,0.05106435226440786,1.0,2021-12-12
25.92,0.0,1.05958835702141,798.2438374952444,0.09463861135864471,1.0,2021-12-13
31.3,0.0,0.6333154922576744,797.7777974640076,0.05838316681518683,1.0,2021-12-14
31.51,0.0,0.4569117889574626,797.6310853972889,0.0462299000891121,2.0,2021-12-15
32.45,0.0,0.27261208678750415,795.4103937237746,0.027737940053467258,2.0,2021-12-16
30.28,0.0,0.4080041745926188,798.8031043153837,0.024642764032080353,1.0,2021-12-17
26.98,0.0,0.7561625047555712,798.7668065892302,0.029185658419248212,1.0,2021-12-18
26.76,0.0,0.46604003123679744,798.7833799535381,0.027111395051548928,1.0,2021-12-19
25.58,0.0,0.36891460271111454,795.8450439772338,0.019466837030929354,4.0,2021-12-20
25.73,0.0,0.22069167351425084,791.7525556666847,0.011680102218557612,4.0,2021-12-21
24.0,0.0,0.19689568461632204,788.6972794038327,0.007008061331134567,3.0,2021-12-22
22.57,0.0,0.23319341076979325,787.6641580187661,0.0042048367986807405,1.0,2021-12-23
21.98,0.0,0.21662004646187596,798.2767220123872,0.09052290207920845,1.0,2021-12-24
26.98,0.0,0.15495602276619766,796.4651034822572,0.06711374124752507,3.0,2021-12-25
31.38,0.0,0.09248831054912339,793.1455890123929,0.040268244748515036,3.0,2021-12-26
32.13,0.0,0.05527626285201258,790.9544407471325,0.024160946849109022,2.0,2021-12-27
28.83,0.0,0.033121385066579405,796.7496508064645,0.02569656810946541,1.0,2021-12-28
27.27,0.0,0.7232779876128755,797.9691466524832,0.12901794086567928,1.0,2021-12-29
32.41,0.0,0.5348965177427748,797.14143999149,0.23261076451940754,1.0,2021-12-30
48.87,0.0,0.31951446986429344,797.437423994894,0.19556645871164452,1.0,2021-12-31
56.91,0.0,0.19114826526035475,796.2209397956887,0.22293987522698672,2.0,2022-01-01
56.58,0.0,0.20478994066799605,797.4198662381618,0.19776392513619204,1.0,2022-01-02
48.32,0.0,1.0308533475167776,795.3019249099988,0.2130583550817152,3.0,2022-01-03
53.79,0.0,1.8585600085100664,796.2444233978542,0.1326350130490291,1.0,2022-01-04
50.26,0.0,1.5625760051060396,795.4986033675996,0.18838100782941747,3.0,2022-01-05
54.54,0.0,1.779060204311354,794.5781163066067,0.17862860469765046,4.0,2022-01-06
59.44,0.0,1.5801337618381743,796.9149022407076,0.13597716281859026,2.0,2022-01-07
50.2,0.0,1.6980750900012702,796.1457252074015,0.10718629769115415,3.0,2022-01-08
49.52,0.0,1.0575015121445372,794.9061871244409,0.26271177861469247,3.0,2022-01-09
75.05,0.0,1.5013966324004573,794.5033045453363,0.1880270671688155,4.0,2022-01-10
73.19,0.0,1.4218836933932977,789.6114884376908,0.1128162403012893,4.0,2022-01-11
60.66,0.0,1.0850977592923503,797.2300118414374,0.09648974418077357,2.0,2022-01-12
50.75,0.0,0.8542747925984986,796.755709041873,0.059493846508464135,1.0,2022-01-13
44.21,0.0,2.0938128755590992,794.4720105968803,0.03569630790507848,2.0,2022-01-14
41.12,0.0,1.4966954546637714,798.2371178195694,0.02941778474304709,1.0,2022-01-15
38.81,0.0,0.8918161076454995,797.0964001200424,0.01765067084582825,1.0,2022-01-16
36.62,0.0,0.7699881585625731,796.8518344920152,0.01859040250749695,3.0,2022-01-17
34.86,0.0,0.4743027995643553,793.7632863412081,0.01115424150449817,3.0,2022-01-18
31.82,0.0,0.2836984449927767,792.7102303022975,0.0066925449026989025,1.0,2022-01-19
30.79,0.0,0.2348927773108704,796.6619482502753,0.04241552694161935,3.0,2022-01-20
31.86,0.0,0.14071769952710017,797.6947704570035,0.03824931616497161,2.0,2022-01-21
30.99,0.0,0.1481655079847507,798.7015767783051,0.037349589698982964,1.0,2022-01-22
31.06,0.0,0.08854815080712848,797.7828661645212,0.02720975381938978,2.0,2022-01-23
31.47,0.0,0.053056038910496824,796.6527845707062,0.016325852291633868,1.0,2022-01-24
31.83,0.0,0.3380517497247062,795.5748463116882,0.00979551137498032,1.0,2022-01-25
29.27,0.0,0.3052295429964734,794.5281467100164,0.005877306824988191,1.0,2022-01-26
27.66,0.0,0.2984232216948739,797.7931074549219,0.025926384094992917,2.0,2022-01-27
26.44,0.0,0.21713383547873047,794.8000111478669,0.02515583045699575,5.0,2022-01-28
28.37,0.0,0.1300815938150665,792.6803498918665,0.015093498274197452,2.0,2022-01-29
25.98,0.0,0.07793825901797118,794.813524013232,0.02345609896451847,5.0,2022-01-30
26.71,0.0,0.04669960167191628,795.0091896713454,0.12447365937871109,4.0,2022-01-31
29.3,0.0,0.2068925450780435,796.5996361188948,0.17548419562722664,2.0,2022-02-01
38.39,0.0,0.1999888521331162,793.6923003868582,0.164490517376336,5.0,2022-02-02
51.92,0.0,0.1196612560004405,797.8273620677303,0.1082943104258016,1.0,2022-02-03
49.77,0.0,0.18647598676792185,796.2908566075438,0.08897658625548095,3.0,2022-02-04
45.55,0.0,0.9908103286545404,793.8251016835613,0.14778595175328857,5.0,2022-02-05
51.9,0.0,1.4003638811052685,795.3005928630052,0.3382715710519732,2.0,2022-02-06
95.84,9.619847378860442,1.3076996131418712,791.363964606082,0.4573629426311839,5.0,2022-02-07
156.0,0.0,0.8649383191279199,791.1106700009012,0.28401776557871034,4.0,2022-02-08
138.43,0.0,0.7091433924561832,787.7659413051733,0.17041065934722618,2.0,2022-02-09
108.9,0.0,1.1748983164386442,793.3349011549137,0.2094463956083357,5.0,2022-02-10
83.36,0.0,2.699407136994746,793.8228606929482,0.14806783736500143,5.0,2022-02-11
73.35,0.0,3.636035393917912,788.1606377444989,0.08884070241900086,4.961392879330926,2022-02-12
60.95,0.0,2.253294605180865,782.8171350684638,0.053304421451400505,4.926003985903118,2022-02-13
52.81,0.0,1.34472869572785,778.5680486876562,0.0319826528708403,4.0,2022-02-14
49.07,0.0,1.6650988450862687,777.4779940145522,0.02558959172250418,4.891050304297851,2022-02-15
45.54,0.0,1.1771393070517615,795.117854572383,0.23615375503350253,3.0,2022-02-16
57.27,0.0,0.7008300691184579,792.6651465884902,0.2936922530201015,5.0,2022-02-17
92.82,0.0,0.4174986901320151,793.2139660353198,0.18261535181206087,2.0,2022-02-18
90.97,0.0,0.24908638080757023,793.3784447718565,0.20396921108723653,5.0,2022-02-19
95.8,0.0,0.19900436880612682,796.1296354173143,0.2343815266523419,2.0,2022-02-20
97.7,239.26636151810914,1.882145427617015,791.5562595395485,0.6830289159914051,3.0,2022-02-21
164.71,1.0478169108654782,2.334853411509807,791.222269897225,0.6002173495948431,4.0,2022-02-22
197.64,0.0,1.4511805531704007,791.6154432424325,0.4257304097569059,5.0,2022-02-23
208.02,0.0,1.6215552281435304,784.6583961738017,0.25543824585414354,4.947596520265203,2022-02-24
188.97,0.0,1.8703645826856885,792.9165995672757,0.2620629475124861,5.0,2022-02-25
166.69,0.0,5.443740460451499,793.4955597403655,0.18923776850749166,5.0,2022-02-26
121.41,0.0,4.777730102774951,787.6408874925522,0.113542661104495,4.959347248377284,2022-02-27
80.75,0.0,3.3845567575674025,782.1849005481487,0.06812559666269699,4.922755546828451,2022-02-28
67.68,0.0,2.009450548365667,776.9785222969098,0.0408753579976182,4.888655628425929,2022-03-01
59.0,0.0,2.0834004327242646,771.9330418538441,0.024525214798570918,4.856115764355686,2022-03-02
53.45,0.0,1.5044402596345587,766.9955793436754,0.014715128879142551,4.824581511586525,2022-03-03
47.58,0.0,0.8953249994359987,762.1345615814338,0.00882907732748553,4.793722370897972,2022-03-04
43.45,0.0,0.5332313975751403,757.3310992371175,0.005297446396491318,4.763341009883961,2022-03-05
41.84,0.0,0.3177226228129798,752.5738587885037,0.003178467837894791,4.7333193702319845,2022-03-06
38.1,0.0,0.18936467871000387,747.8560096814334,0.0019070807027368744,4.703586617428148,2022-03-07
35.29,0.0,0.11288099858216934,743.1734057736537,0.0011442484216421245,4.674100060508959,2022-03-08
33.25,0.0,0.06729539134365718,738.5235016266514,0.0006865490529852746,4.644833786085336,2022-03-09
30.77,0.0,0.04012133443222987,733.9047065595438,0.0004119294317911648,4.615771885166572,2022-03-10
30.87,0.0,0.023921078381779197,729.3159995787396,0.00024715765907469886,4.586904415997149,2022-03-11
29.3,0.0,0.014262489642080323,724.7566998047627,0.00014829459544481933,4.558224997367122,2022-03-12
29.51,0.0,0.008503847270767228,720.2263295963796,8.897675726689159e-05,4.529729373779767,2022-03-13
27.19,0.0,0.005070360917006324,717.689065080781,0.003253386054360135,4.513914559977373,2022-03-14
27.46,0.0,0.0030231819409955356,717.1186094481403,0.00835203163261608,4.510556656754881,2022-03-15
26.86,0.0,0.0018025648069930338,712.600906357626,0.005011218979569648,4.481991309050876,2022-03-16
27.44,0.0,0.001074776609770322,720.8942384707842,0.023806731387741788,4.535005664735162,2022-03-17
25.62,0.0,0.0006408346032510628,716.2863202474573,0.014284038832645072,4.505588990442401,2022-03-18
21.57,0.0,0.023349955621205645,711.748525656039,0.008570423299587043,4.476789501546608,2022-03-19
23.08,0.0,0.05989897588589885,707.2637262032829,0.005142253979752225,4.448428285350243,2022-03-20
22.33,0.0,0.03571178146354933,707.7336144514317,0.011085352387851336,4.451648288770517,2022-03-21
18.74,0.0,0.17166222210655746,703.2635007074019,0.006651211432710801,4.423335090321448,2022-03-22
22.17,0.0,0.10232923288443362,698.8402139108479,0.00399072685962648,4.395396879421262,2022-03-23
19.49,0.0,0.06100508987172873,694.4558338744471,0.0023944361157758882,4.367751336942799,2022-03-24
20.88,0.0,0.036371167405835604,690.105570288085,0.001436661669465533,4.340348961715294,2022-03-25
27.61,0.0,0.07846346308059654,685.7864989637684,0.0008619970016793199,4.313159814300532,2022-03-26
27.86,0.0,0.04677865370829643,681.4968086377809,0.0005171982010075918,4.286165618523553,2022-03-27
27.68,0.0,0.0278899171328255,677.2353519878388,0.00031031892060455506,4.2593550539861305,2022-03-28
27.25,0.0,0.016628699457987773,673.0013779652147,0.00018619135236273303,4.232720949923992,2022-03-29
25.97,0.0,0.00991462464678741,668.7943722097258,0.00011171481141763982,4.206258612282592,2022-03-30
26.26,0.0,0.005911510016028357,722.1346992612486,0.09126702888685058,3.0,2022-03-31
30.06,0.0,0.0035247074639223478,784.8916341008554,0.16516021733211037,4.944591870382803,2022-04-01
26.83,0.0,0.0021015959558910065,779.2131253832362,0.09909613039926622,4.905572713130346,2022-04-02
27.75,0.0,0.001253072700166268,773.8826369544057,0.059457678239559726,4.870082033645226,2022-04-03
28.57,0.0,0.0007471432063555074,780.5423157779232,0.05487460694373583,4.911766480965036,2022-04-04
28.88,0.0,0.6596729484771807,793.2500081248784,0.2201247641662415,5.0,2022-04-05
36.64,0.0,1.2984732900103058,793.403044874927,0.2008748584997449,5.0,2022-04-06
46.11,34.74748132196632,0.7729360044888808,791.6123069249562,0.42612491509984696,5.0,2022-04-07
61.98,19.864488793179817,0.4604063951852143,790.9576241549737,0.5084749490599082,5.0,2022-04-08
99.99,0.0,0.42855469551737285,792.2438544929843,0.34668496943594496,5.0,2022-04-09
86.08,0.0,1.74999187512162,792.9519926957905,0.25761098166156693,5.0,2022-04-10
68.25,0.0,1.596955125072972,786.7780641367455,0.15456658899694017,4.955949954348691,2022-04-11
56.65,0.0,3.3876930750437833,781.1356039859261,0.0927399533981641,4.917362900854659,2022-04-12
48.33,0.0,4.04237584502627,775.8215681769278,0.05564397203889846,4.882097524912038,2022-04-13
40.66,0.0,2.7561455070157623,770.715283481203,0.033386383223339075,4.848884801105799,2022-04-14
35.29,0.0,2.048007304209457,765.744889511926,0.020031829934003445,4.8169705217575185,2022-04-15
30.52,0.0,1.2179786046963175,760.8675235467566,0.012019097960402066,4.785905559449538,2022-04-16
27.82,0.0,0.7250972499647241,756.0575748120858,0.007211458776241238,4.755422022167229,2022-04-17
24.56,0.0,0.4319382840861355,751.2997057617372,0.004326875265744743,4.725359842575536,2022-04-18
23.72,0.0,0.25739989461911256,746.5846998242964,0.002596125159446846,4.695623161010857,2022-04-19
20.12,0.0,0.15342344751943757,741.906988769982,0.0015576750956681075,4.666154373901852,2022-04-20
18.82,0.0,0.09146040571972838,737.2631795268078,0.0009346050574008644,4.636918679812388,2022-04-21
18.83,0.0,0.05452671250361707,732.651176194759,0.0005607630344405186,4.607894872042549,2022-04-22
15.79,0.0,0.03250920777308786,728.0696566879999,0.00033645782066431116,4.579069851217244,2022-04-23
15.05,0.0,0.019382776429854767,723.5177607314973,0.0002018746923985867,4.550435354299999,2022-04-24
15.29,0.0,0.011556680412623865,722.9236289003264,0.0065211248154391525,4.546986004571859,2022-04-25
14.82,0.0,0.006890563361765623,718.3772473537234,0.0039126748892634915,4.518272680627041,2022-04-26
12.59,0.0,0.004108460006218881,713.8706303021853,0.0023476049335580946,4.489857795960772,2022-04-27
12.92,0.0,0.0024496555418682267,709.3989463912479,0.0014085629601348567,4.461691439388658,2022-04-28
11.21,0.0,0.0014606022025120563,704.9592450490641,0.0008451377760809141,4.4337434149453,2022-04-29
10.71,0.0,0.04714582659909023,700.5496973834142,0.0005070826656485484,4.405995281556651,2022-04-30
10.93,0.0,0.028108865975932113,696.1691436764929,0.000304249599389129,4.378435608646339,2022-05-01
10.85,0.0,0.01675925557730713,691.8168236162608,0.0001825497596334774,4.35105714797808,2022-05-02
10.48,0.0,0.009992471548707084,687.4922154586022,0.00010952985578008644,4.32385514760163,2022-05-03
9.49,0.0,0.005957927238578226,683.1949401302313,6.571791346805186e-05,4.296826346616264,2022-05-04
8.91,0.0,0.0035523840932086092,678.9247040492221,3.9430748080831114e-05,4.269968375813946,2022-05-05
8.25,0.0,0.002118098275011976,674.6812650297547,2.3658448848498668e-05,4.243279400307638,2022-05-06
7.16,0.0,0.0012629122540587267,670.4644119504172,1.4195069309099201e-05,4.2167579064359675,2022-05-07
7.82,0.0,0.0007530100568619574,666.2739526288926,8.51704158545952e-06,4.190402574690108,2022-05-08
7.17,0.0,0.0004489817546343351,662.1097065896649,5.110224951275712e-06,4.164212203930579,2022-05-09
7.41,0.0,0.0002677051952703381,657.9715007491845,3.066134970765427e-06,4.138185666185406,2022-05-10
6.94,0.0,0.0001596191597408855,653.8591668405792,1.8396809824592562e-06,4.112321879682403,2022-05-11
6.7,0.0,9.517290147906544e-05,683.1881828370371,0.05440110380858948,4.29911979275362,2022-05-12
6.81,0.0,5.674683445163915e-05,678.6966532789457,0.032640662285153686,4.269926142731482,2022-05-13
6.43,0.0,3.383529716002326e-05,674.3227112879894,0.019584397371092212,4.241854082993411,2022-05-14
5.75,0.0,2.0174294900711964e-05,670.0294523514817,0.011750638422655326,4.214516945549934,2022-05-15
4.47,0.0,1.2028922965726481e-05,665.7948238790908,0.007050383053593195,4.18768407719676,2022-05-16
4.61,0.0,0.3718642107885307,661.6056176076562,0.004230229832155917,4.161217649244318,2022-05-17
4.88,0.0,0.22160341535984107,657.4538949875773,0.00253813789929355,4.135035110047851,2022-05-18
3.16,0.0,0.13208790796293735,653.3348584685918,0.0015228827395761299,4.109086843672358,2022-05-19
7.05,0.0,0.07874199095776452,742.5206107779941,0.1529137296437457,4.677092865428699,2022-05-20
13.66,113.59261231297444,0.046944395194155455,791.0397215095993,0.4981482377862474,5.0,2022-05-21
15.08,0.0,0.02798862219030398,783.746170054554,0.2988889426717484,4.943998259434996,2022-05-22
9.82,0.0,0.016687510031077865,777.4510225970727,0.17933336560304905,4.898413562840963,2022-05-23
7.92,0.0,0.00994967531314031,793.3686598460735,0.20520001936182944,5.0,2022-05-24
12.2,0.0,1.137154825169141,793.9067159076441,0.13752001161709765,5.0,2022-05-25
10.2,0.0,3.9602784904006665,794.1405095445864,0.10811200697025859,5.0,2022-05-26
8.73,0.0,2.34955319561025,793.3140657267519,0.21206720418215516,5.0,2022-05-27
8.42,0.0,1.396733894640429,793.8993994360511,0.13844032250929308,5.0,2022-05-28
8.25,0.0,1.6313401539265442,788.2822035945223,0.08306419350557584,4.96187124647532,2022-05-29
6.83,0.0,1.0932840923559264,782.9650270950344,0.049838516103345505,4.9267637724657645,2022-05-30
6.51,0.0,0.8594904554135558,777.8388281030898,0.029903109662007304,4.893531419343965,2022-05-31
5.28,0.0,1.6859342732481335,776.7632107326475,0.024341865797204383,4.886492675644311,2022-06-01
5.56,0.0,1.10060056394888,794.3242093001473,0.08500511947832264,5.0,2022-06-02
8.44,0.0,0.6553245950534962,788.9570853070368,0.051003071686993584,4.964526308125921,2022-06-03
3.8,0.0,0.3904127270221487,783.7861770864928,0.030601843012196147,4.93098178316898,2022-06-04
4.71,0.0,0.23266757260072216,778.7445011192322,0.018361105807317687,4.8986636067905795,2022-06-05
2.81,0.0,0.18912469479799404,793.9965775252991,0.12621666348439062,5.0,2022-06-06
7.76,0.0,0.6757906998526649,792.5789865151795,0.30452999809063436,5.0,2022-06-07
7.02,0.0,0.40259768498464604,786.1862345388556,0.18271799885438061,4.953618665719873,2022-06-08
6.16,0.0,0.23992643737501246,792.0423551454646,0.3720307993126284,5.0,2022-06-09
10.23,0.0,0.14301236046999394,785.335155428603,0.22321847958757704,4.950264719659153,2022-06-10
8.06,0.0,1.0034224747009055,779.3815765904816,0.1339310877525462,4.908344721428769,2022-06-11
6.32,0.0,2.421013484820543,773.888055581166,0.08035865265152772,4.87113485369051,2022-06-12
5.15,0.0,1.4391333106039867,794.2478092268523,0.09461519159091664,5.0,2022-06-13
3.78,0.0,2.9576448545353955,788.8356910139145,0.05676911495454998,4.964048807667827,2022-06-14
4.47,0.0,1.7569349972025603,783.6384582273379,0.03406146897272999,4.930223068836965,2022-06-15
2.34,0.0,1.0452341166926231,778.5815675466212,0.020436881383637993,4.897740363920862,2022-06-16
2.64,0.0,0.6223861556250809,773.620558766312,0.012262128830182795,4.866134797166382,2022-06-17
3.46,0.0,0.7521907731477874,768.7288685980899,0.0073572772981096764,4.83512849228945,2022-06-18
3.02,0.0,0.4480694052699617,763.8905907513114,0.004414366378865805,4.8045554287380625,2022-06-19
2.24,0.0,0.2670097177396464,759.0961684549553,0.0026486198273194834,4.7743161921956965,2022-06-20
2.36,0.0,0.15915031679583752,754.3398294550298,0.00158917189639169,4.744351052843471,2022-06-21
2.2,0.0,0.09487398314274446,749.6180578210792,0.0009535031378350139,4.714623934093936,2022-06-22
1.91,0.0,0.05656167593272546,744.9286831842945,0.0005721018827010083,4.685112861381745,2022-06-23
1.82,0.0,0.03372241804052939,760.883272623724,0.03394326112962061,4.787054269901841,2022-06-24
3.01,0.0,0.02010610416038175,756.9551931886609,0.021965956677772364,4.761770453898276,2022-07-08
3.19,0.0,0.011987947082074318,752.125083283035,0.01317957400666342,4.730969957429131,2022-07-09
2.86,0.0,0.007147699856644295,747.3651971091391,0.007907744403998052,4.700781770518969,2022-07-10
3.1,0.0,0.004261775402974495,748.5492724741014,0.014344646642398831,4.708532481932119,2022-07-11
3.93,0.0,0.25835629066866017,743.8068161350951,0.008606787985439299,4.678432952963133,2022-07-12
3.83,0.0,0.16630898116472326,739.119852875873,0.005164072791263579,4.648792600844345,2022-07-13
3.03,0.0,0.09913994819680925,734.4775957156456,0.003098443674758147,4.619499080474206,2022-07-14
2.01,0.0,0.05910440337697751,729.8735416578133,0.0018590662048548882,4.590484973222785,2022-07-15
2.03,0.0,0.10739215310554172,729.2320229101842,0.007515439722912934,4.586709635361333,2022-07-16
2.33,0.0,0.06402338604309178,724.6416452898466,0.00450926383374776,4.557700143188652,2022-07-17
1.9,0.0,0.03817065837777389,720.0931519396174,0.002705558300248656,4.529010283061541,2022-07-18
1.88,0.0,0.022758079753249748,715.5809532754948,0.0016233349801491937,4.50058219962261,2022-07-19
0.88,0.0,0.013569084609404156,711.1016461130023,0.0009740009880895162,4.4723809579718425,2022-07-20
1.74,11.064568130427801,0.05480911226778869,792.5403940152868,0.3093844005928537,5.0,2022-07-21
7.25,0.0,0.032677477148988644,792.4557564091721,0.3200306403557122,5.0,2022-07-22
2.14,0.0,0.01948306716756538,785.9907575721707,0.19201838421342732,4.952848477557326,2022-07-23
4.72,0.0,0.01161646449993785,780.1784269610133,0.11521103052805638,4.912442234826067,2022-07-24
2.57,0.0,0.006926204520761926,774.7663715226327,0.06912661831683382,4.876115168506333,2022-07-25
3.18,0.0,2.4596059847131873,773.5285700007686,0.04787597099010029,4.867289822016454,2022-07-26
2.35,0.0,2.544243590827912,768.4732046036762,0.028725582594060176,4.834553562504803,2022-07-27
2.25,0.0,1.5121503594440406,763.5386258383614,0.017235349556436106,4.802957528772977,2022-07-28
1.69,0.0,0.8998883763313367,758.6880437907416,0.010341209733861663,4.772116411489759,2022-07-29
1.95,0.0,0.5359402698743952,753.8994632196559,0.006204725840316997,4.741800273692135,2022-07-30
2.28,0.0,0.3705116998476396,749.1597005528808,0.003722835504190198,4.71187164512285,2022-07-31
2.15,0.0,0.22081183458757198,793.748402074645,0.15743370130251413,5.0,2022-08-01
3.21,0.0,0.13162123654185887,788.0423841717106,0.09446022078150847,4.960927512966531,2022-08-02
2.62,0.0,0.07846563613013403,782.6732787747329,0.05667613246890508,4.9252649010731915,2022-08-03
2.62,0.0,0.046780297393601684,777.5170808743657,0.034005679481343046,4.891707992342081,2022-08-04
2.34,0.0,0.02789102165212417,772.4999506389141,0.020403407688805823,4.859481755464785,2022-08-05
1.66,0.0,1.2515979253549874,767.5778472200047,0.012242044613283496,4.828124691493214,2022-08-06
1.91,0.0,0.7450903899678464,762.7244577184651,0.007345226767970097,4.79736154512503,2022-08-07
1.92,0.0,0.4438404959044998,757.9240256425081,0.004407136060782058,4.7670278607404075,2022-08-08
2.03,0.0,0.2644899080252151,753.1670840967004,0.0026442816364692346,4.737025160265676,2022-08-09
1.46,0.0,0.15764847998676831,748.4479149902288,0.0015865689818815407,4.707294275604378,2022-08-10
1.4,0.0,0.09397872741609128,743.7630352659703,0.0009519413891289244,4.67779946868893,2022-08-11
1.09,0.0,0.05602795641464358,739.1102947333618,0.0005711648334773546,4.648518970412314,2022-08-12
1.02,0.0,0.03340421521663666,734.4883382991956,0.00034269890008641274,4.619439342083512,2022-08-13
0.89,0.0,0.01991638554202538,729.8962853738145,0.00020561934005184764,4.590552114369972,2022-08-14
0.93,0.0,0.011874830867157281,725.3335387335029,0.00012337160403110857,4.561851783586341,2022-08-15
1.56,0.0,0.007080255569621553,744.3637072258971,0.03847402296241867,4.683334617084393,2022-08-16
2.21,0.0,0.004221562196206479,739.5406760075388,0.023084413777451202,4.652273170161857,2022-08-17
2.47,5.871142618623594,0.002517092082661195,792.5112473462816,0.3130506482664707,5.0,2022-08-18
3.47,0.0,0.0015008110110062845,786.0787786979163,0.1878303889598824,4.95319529591426,2022-08-19
2.94,0.0,0.0008948567253102204,793.0991690446614,0.23909823337592945,5.0,2022-08-20
4.59,0.0,0.28649689052144833,787.0116386497522,0.14345894002555767,4.956869806529134,2022-08-21
2.65,0.0,0.17075804819654403,781.4196266699605,0.0860753640153346,4.918822741560951,2022-08-22
2.61,0.0,2.4887526537184423,776.1347104170927,0.051645218409200756,4.883872666687253,2022-08-23
2.61,0.0,1.4792733524510782,771.044869733928,0.030987131045520453,4.850841940106829,2022-08-24
2.37,0.0,1.900830955338639,766.0833804551341,0.018592278627312272,4.81903043583705,2022-08-25
1.8,0.0,1.1306605883800835,761.2104340346598,0.011155367176387364,4.788021127844589,2022-08-26
2.12,0.0,0.6731892382307563,794.0691088985686,0.11709322030583241,5.0,2022-08-27
2.13,0.0,0.40104358618052444,788.5517830674062,0.07025593218349946,4.962931930616054,2022-08-28
2.15,0.0,0.23899874305792324,783.2930092961909,0.042153559310099675,4.928448644171289,2022-08-29
2.13,0.0,0.14245884295676303,778.2005546552045,0.0252921355860598,4.895581308101193,2022-08-30
1.6,0.0,0.0849252926297567,773.2194451532334,0.01517528135163588,4.863753466595028,2022-08-31
1.61,0.0,0.9308911014313678,768.3168607036138,0.009105168810981529,4.832621532207709,2022-09-01
1.46,0.0,0.55439390054641,763.4731687329659,0.005463101286588917,4.801980379397587,2022-09-02
1.44,0.0,0.330325127043879,758.6765922508044,0.0032778607719533503,4.771707304581037,2022-09-03
1.42,0.0,0.19687333288514985,753.9200357881539,0.00196671646317201,4.741728701567528,2022-09-04
1.6,0.0,0.11735603537611251,749.1991946858105,0.0011800298779032058,4.712000223675962,2022-09-05
1.78,0.0,0.0699629174120333,750.4018401885808,0.010308017926741925,4.719994966786317,2022-09-06
1.96,0.0,0.041711591250290087,793.9713907544894,0.12938481075604516,5.0,2022-09-07
2.73,0.0,0.02486917758039781,793.6069144526937,0.1752308864536271,5.0,2022-09-08
3.24,0.0,0.014827761083016273,792.3579086716162,0.3323385318721763,5.0,2022-09-09
3.45,0.0,0.008840878667312516,793.1730652029697,0.22980311912330578,5.0,2022-09-10
2.5,0.0,0.07735953044350635,787.1289269407863,0.13788187147398345,4.95733165751856,2022-09-11
2.51,0.0,1.028609245510559,781.5622561955366,0.08272912288439008,4.9195557933799146,2022-09-12
1.84,0.0,1.3930855473063355,794.3382620838414,0.08323747373063405,5.0,2022-09-13
2.0,0.0,2.6420913283838017,788.9794151361101,0.04994248423838043,4.964614138024009,2022-09-14
2.02,0.0,1.826934797030281,783.8133498741805,0.029965490543028255,4.931121344600688,2022-09-15
2.2,0.0,1.0868066046648548,794.2719446101097,0.09157929432581696,5.0,2022-09-16
2.28,0.0,0.6471149518697528,794.1052467660659,0.11254757659549017,5.0,2022-09-17
2.34,0.0,0.6617379161585406,793.7762680596395,0.15392854595729408,5.0,2022-09-18
3.66,0.0,0.39423280970726843,792.9937608357837,0.25235712757437645,5.0,2022-09-19
4.38,0.0,0.23494391732886916,793.2492965014702,0.2202142765446259,5.0,2022-09-20
5.11,0.0,0.7280553898902449,788.2297385679542,0.1337285659267755,4.964058103134189,2022-09-21
2.57,0.0,0.8947532339341469,782.6748025377683,0.0802371395560653,4.926435866049713,2022-09-22
2.55,0.0,1.2237319403604878,777.4086424822838,0.048142283733639185,4.891717515861052,2022-09-23
2.24,0.0,2.006239164216293,794.3760413065905,0.07848537024018351,5.0,2022-09-24
2.68,0.0,1.7507034985297756,791.0006869746636,0.05029122214411011,4.977350258166191,2022-09-25
2.57,0.0,1.055499830381826,795.3904651230397,0.07657473328646607,4.0,2022-09-26
2.38,0.0,0.6285001641361958,794.1768185222236,0.10354483997187965,5.0,2022-09-27
4.53,0.0,0.3744425396234987,794.1880911133342,0.10212690398312779,5.0,2022-09-28
4.66,0.0,0.6239586934094589,792.6626087779767,0.06767614238987667,4.988675569458339,2022-09-29
3.87,0.0,0.39800407376074276,789.3500357417187,0.04380568543392601,4.966641304862355,2022-09-30
3.03,0.0,0.6095348769602699,793.4427268804802,0.1958834112603556,5.0,2022-10-01
3.69,0.0,0.8231814777764432,793.6840361282881,0.16553004675621338,5.0,2022-10-02
8.81,0.0,0.811908886665866,787.9401662646618,0.09931802805372802,4.960525225801801,2022-10-03
3.19,0.0,0.5368067658991429,782.5489348691639,0.05959081683223681,4.924626039154136,2022-10-04
2.99,0.0,0.3459317313956712,777.3799563721753,0.03575449009934208,4.890930842932274,2022-10-05
2.96,0.0,1.5572731195198273,779.2230612148516,0.032652694059605254,4.902374727326096,2022-10-06
2.89,0.0,1.3159638717118964,774.2012088288848,0.01959161643576315,4.870144132592823,2022-10-07
2.68,0.0,0.7833446378244799,780.0646462928645,0.02935496986145789,4.90750755518053,2022-10-08
2.65,0.0,0.4666053563437318,775.0527083124744,0.017612981916874736,4.8754040393304034,2022-10-09
2.36,0.0,0.2780476540563003,770.1272348616047,0.01056778915012484,4.844079426952964,2022-10-10
2.74,0.0,0.25452042999770236,785.8686829826137,0.03994067349007491,4.94454521788503,2022-10-11
2.61,0.0,0.1517082533738992,780.7698520218015,0.023964404094044944,4.911679268641336,2022-10-12
2.36,0.0,0.22905498083975015,786.5434303391332,0.028778642456426966,3.0,2022-10-13
2.56,0.0,0.13653394105967326,795.4550012036281,0.06846718547385618,4.0,2022-10-14
2.48,0.0,0.08139402391668943,793.5286115252898,0.18508031128431368,5.0,2022-10-15
2.54,0.0,0.31400666110608705,794.0154069151738,0.12384818677058822,5.0,2022-10-16
2.67,0.0,0.1871516921707619,792.400749300787,0.07750891206235293,3.0,2022-10-17
2.69,0.0,0.22642168266831378,793.6635624894626,0.16810534723741177,5.0,2022-10-18
5.14,0.0,0.5449987963718952,787.9076539071602,0.10086320834244705,4.960397265559141,2022-10-19
3.88,0.0,1.4713884747102937,782.509385865656,0.06051792500546823,4.924422836919751,2022-10-20
3.42,0.0,0.9845930848261764,794.0626094977239,0.11791075500328094,5.0,2022-10-21
4.6,0.0,0.6146576143867922,788.5414581270963,0.07074645300196857,4.962891309360774,2022-10-22
4.57,0.0,1.3364375105374235,783.2804469407273,0.04244787180118113,4.928384113294352,2022-10-23
3.57,0.0,0.7955113167432603,782.110616023253,0.031868723080708684,4.920502793379546,2022-10-24
3.65,0.0,0.47384520458448015,777.0738101557635,0.01912123384842521,4.888191350145331,2022-10-25
3.23,0.0,0.9373905022760834,772.1285043799177,0.011472740309055124,4.856711313473522,2022-10-26
2.88,0.0,0.5582600612667967,767.2498828397654,0.006883644185433075,4.825803152374485,2022-10-27
2.46,0.0,0.3326270730746733,763.4045740593023,0.005730186511259845,4.801561767748534,2022-10-28
2.81,0.0,0.24932812409470537,758.6072128097715,0.003438111906755907,4.771278587870639,2022-10-29
2.87,0.0,0.1486145173441454,753.8503664773833,0.002062867144053544,4.741295080061072,2022-10-30
2.77,0.0,0.08859446237229544,749.1295294439776,0.0012377202864321264,4.711564790483646,2022-10-31
2.45,0.0,0.05281838777772069,744.4419413785388,0.0007426321718592757,4.682059559024861,2022-11-01
2.8,0.0,0.04374701271450846,784.9200499760904,0.07404557930311557,4.940262133615867,2022-11-02
2.52,0.0,0.026082661660218012,779.6677599996399,0.04442734758186934,4.905750312350564,2022-11-03
2.16,0.0,0.015551252327063917,793.0200015520345,0.24905640854912162,5.0,2022-11-04
3.38,0.0,0.009272242922013294,793.6975209312207,0.16383384512947297,5.0,2022-11-05
3.15,0.0,0.005528506413958053,795.0774335556616,0.11590030707768378,4.0,2022-11-06
2.52,0.0,0.5816292688326039,795.051644133397,0.11914018424661026,4.0,2022-11-07
3.3,0.0,0.34653966409989356,794.3045013211437,0.08748411054796615,5.0,2022-11-08
2.64,0.0,1.979998447965517,788.9257698894277,0.05249046632877969,4.964403133257148,2022-11-09
3.03,0.0,1.3024790687793102,793.9609804756117,0.13069427979726783,5.0,2022-11-10
3.08,0.0,0.9225664443383629,788.3800186274017,0.0784165678783607,4.962256127972573,2022-11-11
3.34,0.0,0.9483558666030177,783.0840295065843,0.04704994072701641,4.927375116421261,2022-11-12
2.72,0.0,0.6954986788563309,777.9700716312767,0.02822996443620985,4.894275184416152,2022-11-14
2.63,0.0,0.41432829845886915,772.9768098563833,0.016937978661725906,4.86231294769548,2022-11-15
2.6,0.0,1.0390195243882794,792.8458458417836,0.27096278719703554,5.0,2022-11-16
7.29,0.0,0.6187057202374665,796.7933403981774,0.2761776723182213,1.0,2022-11-17
16.63,0.0,0.3686140043961595,796.4743082389065,0.31610660339093277,1.0,2022-11-18
16.65,0.0,0.2196826908913769,793.4412915018253,0.19606396203455967,5.0,2022-11-19
12.19,0.0,0.1309488271979724,788.5126055773922,0.11763837722073579,4.0,2022-11-20
8.76,0.0,2.1541541582164325,794.8238266886272,0.08658302633244147,3.0,2022-11-21
9.78,0.0,2.2066596018225884,796.3309199680783,0.08394981579946488,3.0,2022-11-22
10.07,0.0,2.5256917610935528,795.5226396797417,0.059969889479678934,4.0,2022-11-23
9.56,0.0,1.5587084981747494,792.2275914198677,0.03918193368780736,4.984516497998386,2022-11-24
9.24,0.0,0.9286859244331657,794.4442221763092,0.06990916021268441,5.0,2022-11-25
6.95,0.0,0.6887788887649647,794.0728552831957,0.04674549612761065,3.0,2022-11-26
9.38,0.0,0.669080031921735,792.8504197786824,0.028047297676566392,1.0,2022-11-27
6.91,0.0,0.4773603202582443,797.9067412549385,0.13682837860593983,1.0,2022-11-28
12.35,0.0,0.3105317618756637,796.8852177232347,0.13969702716356389,2.0,2022-11-29
14.03,0.0,0.555777823690841,795.2181209299586,0.08381821629813832,1.0,2022-11-30
11.02,0.0,0.3713668931134531,792.8192041617683,0.05029092977888299,2.0,2022-12-01
10.42,0.0,0.22243550451332253,791.5802762178039,0.030174557867329792,1.0,2022-12-02
7.16,0.0,1.0932587450614593,789.4373248033901,0.018104734720397874,2.0,2022-12-03
9.64,0.0,1.1147822767652398,788.3516781117347,0.010862840832238724,1.0,2022-12-04
7.35,0.0,0.66709679327617,789.287600875045,0.008117704499343235,0.0,2022-12-05
8.28,0.0,0.3989167681902606,791.1857572334676,0.012870622699605943,3.0,2022-12-06
8.39,0.0,0.23892794396442302,792.0738818010685,0.014122373619763564,3.0,2022-12-07
6.76,0.0,0.14295141441381817,797.4599660751086,0.06767342417185815,2.0,2022-12-08
7.77,0.0,0.08564669165535331,795.136977076933,0.04060405450311489,2.0,2022-12-09
5.07,0.0,0.06407723668971761,793.943505990332,0.024362432701868934,1.0,2022-12-10
8.71,0.0,0.10184364157739081,793.8274516189293,0.014617459621121359,0.0,2022-12-11
5.44,0.0,0.11187543239906346,791.7580045841237,0.008770475772672816,2.0,2022-12-12
5.48,0.0,0.540033924891428,787.7165505091601,0.0052622854636036895,4.0,2022-12-13
5.38,0.0,0.32298899817559634,783.6918056678921,0.0031573712781622133,4.0,2022-12-14
4.41,0.0,0.19347108660102413,780.6770160645863,0.001894422766897328,3.0,2022-12-15
4.91,0.0,0.11605437140265203,779.6681538372459,0.0011366536601383967,1.0,2022-12-16
3.64,0.0,0.06944703480561076,777.6628502011253,0.0006819921960830381,2.0,2022-12-17
4.32,0.0,0.04145407496360483,775.6596762250615,0.0004091953176498228,2.0,2022-12-18
5.03,0.0,0.024744841267979878,798.6400863176472,0.0450455171905899,1.0,2022-12-19
5.21,0.0,0.014789603305874394,798.5667237905883,0.054227310314353946,1.0,2022-12-20
7.71,0.0,0.008862227340355956,795.9373090020767,0.13333638618861238,3.0,2022-12-21
12.7,0.0,0.0053036361205930525,796.081841401246,0.11520183171316742,3.0,2022-12-22
17.2,0.0,0.0031739760637721636,798.307098418767,0.08672109902790047,1.0,2022-12-23
12.51,0.0,0.3599136823528133,795.7844913778545,0.2776326594167403,2.0,2022-12-24
32.74,0.0,0.4332762094116881,797.5667570307561,0.1793795956500442,1.0,2022-12-25
24.48,0.0,1.0626909979232406,794.7139827736015,0.2868277573900265,3.0,2022-12-26
32.29,0.0,0.9181585987539445,795.5008696641609,0.1880966544340159,3.0,2022-12-27
26.07,0.0,0.6929015812329248,797.7275286386433,0.15925799266040955,1.0,2022-12-28
24.86,0.0,2.2155086221455877,796.599072731142,0.17555479559624573,2.0,2022-12-29
29.34,0.0,1.433242969243853,796.9423876386852,0.13253287735774746,2.0,2022-12-30
26.1,0.0,2.2860172263985112,796.9839653859469,0.25231972641464845,1.0,2022-12-31
50.28,0.0,1.4991303358391068,794.0591350682852,0.3689918358487891,3.0,2023-01-01
76.77,0.0,1.2724713613566723,796.2850371389409,0.33979510150927345,1.0,2023-01-02
65.58,0.0,1.400927268858041,797.0002862833645,0.25027706090556406,1.0,2023-01-03
63.76,0.0,1.0576123613148247,796.4962037700187,0.31336623654333845,1.0,2023-01-04
68.8,0.0,2.016034614053041,795.5803064594305,0.30321974192600304,2.0,2023-01-05
88.69,0.0,2.9408649317148488,794.2843665125614,0.2155318451556018,4.0,2023-01-06
68.93,0.0,2.714962861059095,795.1909159305424,0.1373191070933611,3.0,2023-01-07
57.46,0.0,1.9997137166354568,794.0269878591647,0.12239146425601664,5.0,2023-01-08
51.59,0.0,2.5037962299812744,798.1831433203566,0.10223487855360999,1.0,2023-01-09
48.81,0.0,2.4196935405695044,797.2168354014854,0.09814092713216599,2.0,2023-01-10
51.78,0.0,1.7156334874385903,795.638050086454,0.1708845562792996,3.0,2023-01-11
59.03,0.0,1.093450582019076,797.0813554371971,0.24013073376757976,1.0,2023-01-12
75.92,12.889256857320504,0.9730121408353324,794.6669260467208,0.41767844026054785,2.0,2023-01-13
127.81,0.0,0.8168566796433439,796.639697557391,0.2954070641563287,1.0,2023-01-14
120.56,0.0,0.7831645985146847,794.8363749768195,0.39644423849379723,2.0,2023-01-15
132.39,0.0,1.3619499135460178,795.5909343206607,0.4266665430962784,1.0,2023-01-16
133.06,0.0,1.9186445628029623,791.8963205894307,0.390399925857767,5.0,2023-01-17
126.63,0.0,3.333073953279172,785.1036243566075,0.2342399555146602,4.949352003683942,2023-01-18
101.44,0.0,2.3603024426090666,794.218997972462,0.2237439733087961,4.0,2023-01-19
80.73,0.0,3.163625023180502,792.1541301505997,0.13424638398527766,1.0,2023-01-20
70.33,0.0,3.4090656793392644,787.519289098625,0.0805478303911666,4.0,2023-01-21
60.11,0.0,3.1036794105692476,785.1396578518212,0.04832869823469996,2.0,2023-01-22
51.17,0.0,1.8433442291392201,782.9125691306215,0.028997218940819972,2.0,2023-01-23
46.75,0.0,1.7810020275380172,781.7765293908635,0.017398331364491985,1.0,2023-01-24
42.5,0.0,1.0648678218622831,780.6950241381837,0.01043899881869519,1.0,2023-01-25
39.53,0.0,0.6348410519746795,794.6576459756349,0.043063399291217115,5.0,2023-01-26
39.46,0.0,0.3796312468038348,792.4528387793755,0.02583803957473027,2.0,2023-01-27
38.9,0.0,0.22708872119968102,787.3779237986903,0.015502823744838162,4.952830242371097,2023-01-28
35.0,0.0,0.136039739757958,785.3048703455358,0.009301694246902898,2.0,2023-01-29
33.05,0.0,0.08150525267976154,795.4970791082768,0.06318101654814175,4.0,2023-01-30
34.7,0.0,0.34235402436517604,793.1962753957606,0.03790860992888504,2.0,2023-01-31
34.87,0.0,0.2048071962593099,796.57643302732,0.05314516595733103,3.0,2023-02-01
34.26,0.0,0.12208473831407728,796.8007089453963,0.15028709957439862,2.0,2023-02-02
43.92,0.0,0.07305345315442821,795.5544630898353,0.18137225974463916,3.0,2023-02-03
67.07,0.0,0.5029208917232083,789.7219095628526,0.1088233558467835,4.972215394311471,2023-02-04
67.86,0.0,0.300803712516253,794.3282725926108,0.08449401350807009,5.0,2023-02-05
57.53,0.0,0.4235669726799283,794.4188835555665,0.07309640810484205,5.0,2023-02-06
50.47,0.0,1.199291054603701,789.1075281255921,0.04385784486290523,4.965118022222291,2023-02-07
44.98,0.0,1.4455369101647741,783.9692525623482,0.02631470691774314,4.931922050784951,2023-02-08
38.7,0.0,0.8603381326711993,778.9464388291931,0.01578882415064588,4.8998078285146764,2023-02-09
36.67,0.0,0.6717274073891573,774.004692895751,0.00947329449038753,4.868415242682457,2023-02-10
32.79,0.0,0.5811164444334943,769.9609260084623,0.005683976694232517,4.0,2023-02-11
32.1,0.0,0.3462374077519777,765.9348037841495,0.0034103860165395103,4.0,2023-02-12
30.21,0.0,0.20635351245902148,761.1321364154326,0.002046231609923706,4.7870925236509345,2023-02-13
28.44,0.0,0.12300590464043827,756.3657742514888,0.0012277389659542234,4.757075852596453,2023-02-14
26.37,0.0,0.0733306907597216,751.6329512672556,0.0007366433795725341,4.727286089071805,2023-02-15
27.11,0.0,0.04376688728869115,747.6296468340722,0.0004419860277435205,4.0,2023-02-16
22.4,0.0,0.026122224312749142,765.370364887098,0.03386519161664611,3.0,2023-02-17
26.94,0.0,0.015574845066023142,781.9610356364017,0.052319114969987666,3.0,2023-02-18
27.46,0.0,0.009286311347289796,794.3815578215931,0.07779146898199261,5.0,2023-02-19
34.72,0.0,0.005536895161367531,792.01171466933,0.04667488138919556,2.0,2023-02-20
35.72,0.0,0.0033044331834077936,789.7904724508604,0.028004928833517337,2.0,2023-02-21
36.72,0.0,0.2592819469742095,787.6653362244699,0.0216029573001104,4.954940452817878,2023-02-22
32.98,0.0,0.4093292506963928,787.5254328845797,0.017761774380066243,3.0,2023-02-23
30.76,0.0,0.6184421784068413,793.3104193304573,0.028257064628039747,4.990783955528623,2023-02-24
30.19,0.0,0.3698431522630886,794.1274538017243,0.10975423877682386,5.0,2023-02-25
36.34,0.0,0.2212422184695959,790.6053468750644,0.06905254326609432,4.975796586260777,2023-02-26
34.15,0.0,0.17019577357263477,785.3385508466882,0.04143152595965659,4.941283417969152,2023-02-27
29.51,0.0,0.13990333989018056,783.1790835678072,0.029658915575793955,4.927115942791802,2023-02-28
25.97,0.0,0.22422959859377029,778.1457159006738,0.01779534934547637,4.894869272298795,2023-03-01
22.95,0.0,0.8725461982757498,773.1997402037149,0.010677209607285822,4.863410724379211,2023-03-02
22.81,0.0,0.5463103403991302,768.3180177188635,0.006406325764371494,4.832498376273218,2023-03-03
20.83,0.0,0.3255126104069192,763.4866821136295,0.0038437954586228963,4.801987610742897,2023-03-04
21.48,0.0,0.23235133608926267,765.5677266831876,0.013506277275173739,4.8155417632101845,2023-03-05
21.37,0.0,0.13849839483458168,766.6096855721602,0.017703766365104245,4.822298291769923,2023-03-06
19.91,0.0,0.08256497257972459,794.0505930344384,0.11942225981906256,5.0,2023-03-07
25.93,0.0,0.049224108578182026,794.3158758206631,0.08605335589143753,5.0,2023-03-08
26.67,0.0,0.029347994491153766,791.8814330723942,0.05483201353486252,4.0,2023-03-09
29.27,0.0,0.10341366723171232,794.5954573112763,0.30169920812091755,3.0,2023-03-10
51.23,0.0,0.13574281925753426,792.4033747772633,0.3266195248725505,5.0,2023-03-11
94.28,0.0,0.9494069655615472,789.8271231037567,0.19917171492353028,3.0,2023-03-12
104.42,0.0,0.6841241793369284,793.4139509198147,0.19950302895411817,5.0,2023-03-13
110.06,0.0,0.43444274826885054,793.4505305518888,0.1949018173724709,5.0,2023-03-14
104.25,0.0,2.404542688723713,791.4890279570939,0.12334109042348254,4.984065815949305,2023-03-15
88.76,0.0,2.596625222736777,785.9601436807546,0.07400465425408952,4.946806424731837,2023-03-16
69.57,0.0,1.5762516735065688,788.5465639548981,0.05720279255245372,4.962250898004717,2023-03-17
61.04,0.0,1.5860490801852396,787.2724268039718,0.040721675531472226,4.953416024718114,2023-03-18
52.35,0.0,1.5494694481111435,794.5895176077149,0.05163300531888333,5.0,2023-03-19
46.55,0.0,0.9774367788457305,789.3787093681125,0.03097980319133,4.966184485048219,2023-03-20
41.7,0.0,0.5820778516074594,794.4451863387774,0.06978788191479801,5.0,2023-03-21
38.54,0.0,0.45132882785174766,794.4763118032664,0.0658727291488788,5.0,2023-03-22
39.38,0.0,0.320721126208236,793.9861870819599,0.1275236374893273,5.0,2023-03-23
47.42,0.0,0.41048239228512245,793.4122722491759,0.19971418249359635,5.0,2023-03-24
60.78,0.0,0.24462375455422225,793.1824033495055,0.22862850949615782,5.0,2023-03-25
63.19,0.0,0.5548136612226442,793.3497620097033,0.2075771056976947,5.0,2023-03-26
75.79,0.0,0.5236881967335866,788.3892962197881,0.1261462634186168,4.964686012560645,2023-03-27
69.16,0.0,1.013812918040152,794.1947623234933,0.10128775805117007,5.0,2023-03-28
59.07,0.0,1.5877277508240908,788.7514084001409,0.06077265483070204,4.963717264521833,2023-03-29
51.43,0.0,1.8175966504944547,794.3232900916635,0.05406359289842122,4.998446302500881,2023-03-30
45.18,0.0,1.650237990296673,794.1569966618746,0.10603815573905274,5.0,2023-03-31
44.42,0.0,0.995779777354604,792.3699579971247,0.33082289344343163,5.0,2023-04-01
70.62,0.0,0.805237676506802,788.7920643146281,0.203293736066059,4.9710622374820295,2023-04-02
85.55,0.0,0.47963665883043116,782.905988366474,0.12197624163963539,4.929950401966425,2023-04-03
73.72,0.0,0.42967200597661204,777.4434314564506,0.07318574498378123,4.893162427290463,2023-04-04
57.62,0.0,0.8430033381254692,772.2451570161912,0.043911446990268735,4.859021446602816,2023-04-05
47.72,0.0,2.6300420028752813,767.2164340112705,0.02634686819416124,4.8265322313511945,2023-04-06
39.99,0.0,1.6068314450146528,793.8821654387139,0.14060812091649674,5.0,2023-04-07
40.85,0.0,0.9561255461876622,788.2548302131348,0.08436487254989804,4.961763533991961,2023-04-08
39.36,0.0,0.5693944827329607,782.9317252027619,0.05061892352993882,4.926592688832093,2023-04-09
35.05,0.0,0.33925299365655476,777.8021011220237,0.030371354117963288,4.893323282517262,2023-04-10
33.06,0.0,0.20219077356950665,793.3541686408573,0.20702281247077797,5.0,2023-04-11
35.5,0.0,1.117834561286149,792.8295411845144,0.2730136874824668,5.0,2023-04-12
42.62,0.0,0.665571691587062,793.3034047107086,0.21340821248948008,5.0,2023-04-13
55.98,0.0,0.39651232154084426,793.2315628264251,0.22244492749368805,5.0,2023-04-14
60.39,0.0,0.23630079822094,787.2217804215437,0.13346695649621282,4.957697267665157,2023-04-15
50.49,0.0,1.6458313591426847,782.6555972537169,0.08168017389772768,4.926386127634649,2023-04-16
41.55,0.0,2.170458815485611,777.382832378365,0.04900810433863661,4.8915974828357305,2023-04-17
35.01,0.0,1.6965952892913667,773.2781115015928,0.031004862603181964,4.864892702364782,2023-04-18
31.68,0.0,1.7684371735748199,768.302170091911,0.018602917561909176,4.832988196884955,2023-04-19
27.33,0.0,1.0520851372163254,771.2654285368585,0.023961750537145506,4.851888563074444,2023-04-20
25.72,0.0,0.6397970401921567,766.3348274223414,0.014377050322287303,4.8204089283553655,2023-04-21
23.16,0.0,0.3811673925160668,794.1046214699627,0.11262623019337238,5.0,2023-04-22
28.34,0.0,0.23982817440750784,794.2210928819776,0.09797573811602343,5.0,2023-04-23
34.3,0.0,0.14295321279688614,792.3956957291865,0.3275854428696141,5.0,2023-04-24
47.53,0.0,0.1848529919780465,792.8650174375119,0.26855126572176846,5.0,2023-04-25
57.54,0.0,0.11019218616177928,786.6400463385506,0.16113075943306107,4.955406358984449,2023-04-26
49.68,0.0,0.8953785300373104,780.9677877970853,0.09667845565983663,4.916500289615941,2023-04-27
38.02,0.0,0.7789071180223863,775.6365539189743,0.05800707339590198,4.881048673731783,2023-04-28
33.45,0.0,2.604304270813432,777.3872797144775,0.046004244037541185,4.891478461993589,2023-04-29
31.18,0.0,2.134982562488059,772.3153716482758,0.027602546422524712,4.858670498215484,2023-04-30
27.02,0.0,1.2695647399769092,767.3612927702403,0.016561527853514824,4.826971072801724,2023-05-01
24.03,0.0,0.7557582518494219,762.4895092132111,0.009936916712108895,4.796008079814002,2023-05-02
22.6,0.0,0.45018520437914594,757.6787731419502,0.005962150027265337,4.765559432582569,2023-05-03
20.07,0.0,0.3577957425031882,752.9163458449998,0.003577290016359202,4.735492332137189,2023-05-04
24.52,0.0,0.21323756798620322,748.1945592852104,0.002146374009815521,4.705727161531248,2023-05-05
26.55,0.0,0.12710780523380258,793.8576817959732,0.14368782440588934,5.0,2023-05-06
27.77,0.0,0.07577547721514376,794.2255690775839,0.0974126946435336,5.0,2023-05-07
28.09,0.0,0.04517663867844174,789.7808797310585,0.06004761678612016,4.9701598067349,2023-05-08
26.0,0.0,0.026934964813256877,790.4464151928913,0.04562857007167209,4.973630498319116,2023-05-09
28.37,0.0,0.016059398258101883,793.8919517207581,0.13937714204300325,5.0,2023-05-10
37.82,26.629782749676423,1.1423182040268203,791.9056510324549,0.389226285225802,5.0,2023-05-11
50.99,0.0,0.7744309224160921,792.799950619473,0.27673577113548115,5.0,2023-05-12
56.91,0.0,0.47452953979054485,786.5368016479196,0.1660414626812887,4.954999691371706,2023-05-13
44.78,0.0,0.36083403984802304,780.8422577261678,0.09962487760877321,4.915855010299498,2023-05-14
39.23,0.0,1.108048279241876,775.4981629035213,0.059774926565263925,4.8802641107885485,2023-05-15
30.06,0.0,3.094348967545126,772.3369683788256,0.03906495593915836,4.859363518147008,2023-05-16
26.66,0.0,2.200049380527075,770.273533544939,0.028238973563495015,4.84585605236766,2023-05-17
22.06,0.0,1.3081492801817005,765.3296292466038,0.01694338413809701,4.8142095846558695,2023-05-18
16.6,0.0,0.7786889114522636,760.4690016931802,0.010166030482858206,4.783310182791273,2023-05-19
15.39,0.0,0.4638307118579509,755.6699746369474,0.006099618289714923,4.7529312605823755,2023-05-20
13.39,0.0,0.3018310065487387,750.9195543537667,0.003659770973828954,4.722937341480921,2023-05-21
13.57,0.0,0.21757878151894716,785.4560233428367,0.06619586258429737,4.943247214711041,2023-05-22
13.42,0.0,0.12969471367947122,783.1793659049273,0.044517517550578416,4.927850145892729,2023-05-23
12.57,0.0,0.07731737063228321,778.0766111060638,0.02671051053034705,4.894871036905796,2023-05-24
11.2,0.0,0.04609579565042165,773.0897147014465,0.01602630631820823,4.8629788194128984,2023-05-25
9.02,0.0,0.02748294169976797,768.1840299655586,0.009615783790924938,4.831810716884041,2023-05-26
9.15,0.0,0.5202837962189043,763.338836629944,0.005769470274554963,4.801150187284741,2023-05-27
8.39,0.0,0.348807292016676,758.54170968892,0.0034616821647329775,4.77086772893715,2023-05-28
8.14,0.0,0.20788376195778122,753.785167490155,0.0020770092988397866,4.74088568555575,2023-05-29
6.81,0.0,0.1239175852044029,749.0646751912334,0.001246205579303872,4.711157296813468,2023-05-30
6.66,0.0,0.07387401900384723,744.3774550456449,0.0007477233475823232,4.681654219945209,2023-05-31
6.61,0.0,0.04404314832984915,739.7217772932594,0.0004486340085493939,4.652359094035281,2023-06-01
5.9,0.0,0.026259212086823355,735.0965374440126,0.0002691804051296363,4.623261108082871,2023-06-02
5.95,0.0,0.01565651320928081,730.5010042637444,0.00016150824307778177,4.594353359025078,2023-06-03
5.03,0.0,0.009335002108144677,725.9346695198159,9.690494584666906e-05,4.5656312766484035,2023-06-04
4.49,0.0,0.005565925643240943,721.3971583933578,5.8142967508001436e-05,4.537091684498849,2023-06-05
3.62,0.0,0.003318658350213556,716.8881760612766,3.488578050480086e-05,4.508732239958486,2023-06-06
3.69,0.0,0.0019787411639692037,712.4074758435174,2.0931468302880513e-05,4.4805511003829785,2023-06-07
3.31,0.0,0.0011798212431604865,707.9548402082785,1.2558880981728307e-05,4.452546724021984,2023-06-08
2.47,0.0,0.0007034672800749604,703.5300694436703,7.535328589036984e-06,4.42471775130174,2023-06-09
2.53,0.0,0.0004194419592842978,699.1329749004657,4.52119715342219e-06,4.397062934022939,2023-06-10
2.6,0.0,0.0002500921228121963,694.7633749603641,2.712718292053314e-06,4.369581093127911,2023-06-11
2.34,0.0,0.00014911737620599332,690.4210926293541,1.6276309752319885e-06,4.3422710935022755,2023-06-12
2.18,0.0,8.891121695239644e-05,686.1059541000568,9.76578585139193e-07,4.315131828933463,2023-06-13
1.97,0.0,5.301330644998747e-05,681.8177878918395,5.859471510835158e-07,4.288162213125355,2023-06-14
1.78,0.0,3.160918158894915e-05,677.556424335442,3.5156829065010944e-07,4.261361174323997,2023-06-15
1.79,0.0,1.8846973670302058e-05,673.3216952630341,2.1094097439006568e-07,4.234727652096513,2023-06-16
1.44,0.0,1.1237507746075664e-05,669.1134338207795,1.2656458463403941e-07,4.208260595393964,2023-06-17
1.38,0.0,6.700363884540415e-06,664.9314743544589,7.593875078042365e-08,4.1819589613798716,2023-06-18
3.06,0.0,3.9950919271420094e-06,661.7588140277777,0.0016000455632504684,4.162071714715369,2023-06-19
2.25,0.0,2.3820735476007313e-06,657.6165080812376,0.0009600273379502811,4.135992587673611,2023-06-20
1.9,0.0,1.4203113477635716e-06,764.4111770911557,0.18137601640277018,4.816353175507735,2023-06-21
6.57,0.0,8.468606393176534e-07,758.806931328701,0.1088256098416621,4.7775698568197225,2023-06-22
4.51,0.0,5.049406555540749e-07,793.6795418410553,0.16609536590499727,5.0,2023-06-23
11.67,0.0,0.010588611965886344,787.9330292345901,0.09965721954299836,4.9604971365065955,2023-06-24
14.64,0.0,0.006313358866424961,782.5402531331542,0.05979433172579901,4.924581432716188,2023-06-25
6.59,0.0,1.388977814574256,777.3703824023448,0.035876599035479406,4.890876582082214,2023-06-26
2.96,0.0,0.8266759056349824,772.3455269319678,0.021525959421287644,4.858564890014655,2023-06-27
2.05,0.0,1.3204581589447284,782.135780837085,0.036915575652772585,4.920909543324799,2023-06-28
1.66,0.0,0.7860154699586516,783.9421554122999,0.03334934539166355,4.932098630231781,2023-06-29
1.71,0.0,0.4681946687196823,778.8866335931395,0.02000960723499813,4.899638471326875,2023-06-30
2.05,0.0,0.2789941487271335,794.586554173489,0.05200576434099888,5.0,2023-07-01
2.02,0.0,0.16629058036235586,794.5865725040934,0.05200345860459933,5.0,2023-07-02
2.34,0.0,0.28883655155802096,789.3740284732294,0.0312020751627596,4.966166078150584,2023-07-03
2.15,0.0,0.26152679455330713,794.6094861014736,0.04912124509765576,5.0,2023-07-04
2.24,0.0,0.1558833478335325,793.3156116608842,0.21187274705859346,5.0,2023-07-05
3.11,0.0,0.4134458265109411,792.8700069965305,0.2679236482351561,5.0,2023-07-06
6.12,0.0,0.41342749590656475,786.6479637771297,0.16075418894109364,4.955437543728316,2023-07-07
1.77,0.0,0.24637795271351054,780.9774144069552,0.09645251336465618,4.916549773607061,2023-07-08
1.96,0.0,0.3905138985263633,775.647166931202,0.057871508018793705,4.88110884004347,2023-07-09
2.52,2.351039058480751,1.684388339115818,792.4216329067503,0.32432290481127624,5.0,2023-07-10
6.1,0.0,2.1299930034694907,785.9366323043837,0.19459374288676573,4.95263520566719,2023-07-11
2.15,0.0,1.266605675672562,792.7489078464301,0.28315624573205944,5.0,2023-07-12
2.99,0.0,0.7539995965674635,790.3733875307371,0.17629374743923568,4.979680674040188,2023-07-13
5.07,0.0,0.449138635709717,792.2637988247149,0.3441762484635414,5.0,2023-07-14
4.02,0.0,2.578367093249646,788.623464693102,0.21130574907812485,4.970398742654468,2023-07-15
3.11,0.0,1.5323653966994368,793.8267115768973,0.1475834494468749,5.0,2023-07-16
2.92,0.0,2.2510921535698722,792.087492217434,0.09495006966812496,4.986416947355608,2023-07-17
2.78,0.0,1.3958396416528813,794.2163681676831,0.09857004180087497,5.0,2023-07-18
3.04,0.0,2.7362011752851543,794.3517409006098,0.08154202508052498,5.0,2023-07-19
2.73,0.0,1.6699353889583801,794.369364540366,0.07932521504831498,5.0,2023-07-20
2.75,0.0,1.1732884231026555,794.4816987242195,0.06519512902898898,5.0,2023-07-21
2.66,0.0,0.7528024121077171,794.3455792345317,0.08231707741739339,5.0,2023-07-22
2.52,4.225854219095936,0.783631832316956,792.317747540719,0.337390246450436,5.0,2023-07-23
5.04,0.0,0.6482590993901736,793.2888885244314,0.21523414787026163,5.0,2023-07-24
2.93,0.0,0.6306354596341042,793.0829331146589,0.241140488722157,5.0,2023-07-25
3.43,0.0,0.5183012757804624,793.6589598687954,0.1686842932332942,5.0,2023-07-26
3.95,0.0,0.6544207654682774,792.9360959212772,0.2596105759399765,5.0,2023-07-27
5.11,124.9725960240769,2.6822524592809662,790.5562175527663,0.558966345563986,5.0,2023-07-28
10.23,0.0,1.7111114755685801,786.8915811879491,0.3417798073383915,4.965976359704789,2023-07-29
7.27,0.0,1.917066885341148,792.4665903189958,0.3186678844030349,5.0,2023-07-30
7.01,0.0,1.341040131204689,791.6609941913975,0.420000730641821,5.0,2023-07-31
13.71,23.11209644472038,2.063904078722813,790.9486765148386,0.5096004383850926,5.0,2023-08-01
44.76,37.64325786683223,4.443782447233689,790.4958459089031,0.5665602630310556,5.0,2023-08-02
40.34,8.657954720099326,2.6986600051123864,790.5675875453419,0.5575361578186333,5.0,2023-08-03
45.5,0.0,2.5334096810041276,786.9096171712879,0.34092169469118,4.966047422158387,2023-08-04
44.1,0.0,3.3390058086024768,793.093963516323,0.239753016814708,5.0,2023-08-05
43.45,0.0,4.051323485161486,792.8642181097938,0.2686518100888248,5.0,2023-08-06
40.41,0.0,4.504154091096892,792.9680508658763,0.2555910860532949,5.0,2023-08-07
47.67,0.0,4.4324124546581345,793.6027505195258,0.17575465163197695,5.0,2023-08-08
50.14,0.0,2.6919229518956147,787.811087555629,0.10545279097918617,4.9600171907470365,2023-08-09
43.53,0.0,1.9060364836769288,782.3919223736467,0.06327167458751169,4.923819297222681,2023-08-10
35.65,0.0,2.1357818902061574,777.2068097479042,0.03796300475250702,4.889949514835291,2023-08-11
28.01,0.0,2.0319491341236944,774.1356115081933,0.02597780285150421,4.870042560924402,2023-08-12
40.15,164.43706997639856,1.3972494804742168,791.0092058803983,0.5019866817109025,5.0,2023-08-13
51.64,0.0,0.8316457731497375,792.173043528239,0.35559200902654153,5.0,2023-08-14
45.69,0.0,0.4953458847595186,785.54238297207,0.2133552054159249,4.951081522051494,2023-08-15
36.04,0.0,0.2951631109072264,779.6334307229711,0.1280131232495549,4.909639893575437,2023-08-16
26.73,0.0,0.20115567878654478,774.1656445423549,0.07680787394973296,4.872708942018569,2023-08-17
21.25,0.0,3.9907941196016754,768.9725669861584,0.04608472436983977,4.838535278389719,2023-08-18
17.65,0.0,2.8269564717610054,763.9551900305397,0.02765083462190386,4.8060785436634905,2023-08-19
17.5,0.0,1.6795790341175756,759.0545182510886,0.016590500773142315,4.7747199376908736,2023-08-20
17.46,0.0,0.9993123555234545,754.2353411856343,0.009954300463885391,4.7440907390693035,2023-08-21
13.79,0.0,0.5950772385975553,749.4766045376795,0.005972580278331235,4.713970882410214,2023-08-22
12.62,0.0,0.35454227780675446,744.7656857657895,0.0035835481669987406,4.684228778360497,2023-08-23
8.81,0.0,0.21129841195524435,740.0949868913939,0.002150128900199244,4.654785536036185,2023-08-24
8.64,0.0,0.12595184176029955,735.4599050993371,0.0012900773401195464,4.625593668071212,2023-08-25
15.96,0.0,0.0750863263849648,790.7034177923128,0.09837404640407174,4.977874406870857,2023-08-26
33.37,0.0,0.044765765544608385,794.1745957986526,0.10382442784244304,5.0,2023-08-27
25.24,67.90482447520247,0.02668999352946945,791.6427574791916,0.42229465670546584,5.0,2023-08-28
25.83,0.0,0.01591333835936472,784.7016876999222,0.2533767940232795,4.947767234244948,2023-08-29
20.6,0.0,0.009488123985488808,780.5712682774168,0.15522607641396768,4.9168855481245135,2023-08-30
18.48,0.0,0.778612900153296,793.8779716155054,0.1411356458483806,5.0,2023-08-31
18.46,0.0,0.8254042013474222,793.6017429693032,0.17588138750902835,5.0,2023-09-01
17.65,0.0,3.3572425208084535,793.5377657815819,0.183928832505417,5.0,2023-09-02
15.29,0.0,1.9933025450243973,787.7079011893974,0.1103572995032502,4.959611036134887,2023-09-03
13.11,0.0,1.2135338743809356,782.2664107557067,0.06621437970195013,4.923174382433734,2023-09-04
11.68,0.0,1.1220283844946257,777.0684043757775,0.03972862782117007,4.889165067223167,2023-09-05
11.58,0.0,1.3982570306967754,772.0276533746583,0.02383717669270204,4.85667752734861,2023-09-06
4.15,0.0,1.4622342184180652,767.0927528945402,0.014302306015621226,4.825172833591614,2023-09-07
4.53,0.0,0.8702535560496368,762.2330074370074,0.008581383609372734,4.794329705590876,2023-09-08
4.69,0.0,0.5183160512568359,757.4300503455257,0.005148830165623641,4.763956296481296,2023-09-09
4.6,0.0,0.30884131270604054,752.6728595041677,0.003089298099374184,4.7339378146595354,2023-09-10
4.02,0.0,0.1840734737706256,747.954789943417,0.0018535788596245105,4.704205371901049,2023-09-11
3.31,0.0,0.10972764652642022,759.9586009737867,0.028312147315774708,4.780967437146357,2023-09-12
4.72,93.08920344568224,0.06541575194204331,791.6722310573037,0.41858728838946485,5.0,2023-09-13
21.7,0.0,0.03900079500038657,784.7484029157149,0.2511523730336789,4.947951444108148,2023-09-14
24.45,0.0,0.02325302669847942,778.6685677841176,0.1506914238202073,4.9046775182232185,2023-09-15
17.21,0.0,0.013864188849613669,773.102257384805,0.09041485429212438,4.866678548650735,2023-09-16
11.53,0.0,0.2152215324839311,767.8535899557221,0.05424891257527463,4.831889108655031,2023-09-17
9.35,0.0,3.327768942696246,793.9525926870159,0.13174934754516476,5.0,2023-09-18
8.13,0.0,1.9758766974806559,794.0535556122096,0.11904960852709885,5.0,2023-09-19
